tmi24.xml,287,
cxl4.xml,320,
cxs1.xml,320,
smiTemplateid10.xml,217,
ccn7.xml,354,
smiTemplateid11.xml,230,
cxs3.xml,246,
ccn2.xml,402,
ccn6.xml,420,
ccn3.xml,437,
tmi17.xml,265,
smiNoRedundantTemplateid10.xml,256,
cxl3.xml,450,
smiTemplateid5.xml,182,
smiTemplateid1.xml,419,
smiTemplateid3.xml,440,
ccn1.xml,480,
smiTemplateid2.xml,307,
ccn8.xml,497,
cxl1.xml,507,
cxl2.xml,492,
ccn5.xml,524,
smiTemplateid12.xml,504,
cxs2.xml,532,
smiNoRedundantTemplateid5.xml,492,
smiTemplateid0.xml,482,
smiTemplateid6.xml,278,
smiTemplateid4.xml,349,
cxs4.xml,511,
smiTemplateid9.xml,264,
tmi13.xml,240,
tmi10.xml,299,
tmi14.xml,242,
ccn4.xml,256,
tmi2.xml,104,
tmi7.xml,261,
tmi8.xml,255,
tmi4.xml,267,
smiTemplateid8.xml,242,
tmi18.xml,310,
tmi16.xml,273,
tmi15.xml,292,
tmi9.xml,282,
tmi19.xml,268,
tmi6.xml,260,
tmi5.xml,238,
ccn3.xml,smiTemplateid1.xml,5,1,
ccn4.xml,tmi6.xml,1,2,
ccn4.xml,tmi5.xml,10,3,
ccn4.xml,tmi4.xml,12,4,
ccn4.xml,smiTemplateid4.xml,109,5,
ccn3.xml,cxs2.xml,198,6,
ccn4.xml,smiTemplateid1.xml,197,7,
ccn3.xml,cxl2.xml,218,8,
ccn3.xml,ccn4.xml,250,9,
ccn3.xml,smiTemplateid4.xml,363,10,
ccn4.xml,cxs2.xml,456,11,
ccn4.xml,cxl2.xml,584,12,
ccn3.xml,tmi4.xml,778,13,
ccn3.xml,tmi5.xml,812,14,
ccn3.xml,tmi6.xml,871,15,
ccn1.xml,tmi2.xml,6774,
ccn1.xml,smiTemplateid12.xml,6797,
ccn3.xml,tmi7.xml,6794,
ccn2.xml,ccn3.xml,6808,
ccn1.xml,ccn3.xml,6810,
ccn1.xml,tmi13.xml,6817,
ccn6.xml,smiNoRedundantTemplateid10.xml,6106,
tmi5.xml,tmi6.xml,0,16,
ccn1.xml,cxs3.xml,6837,
ccn2.xml,smiTemplateid1.xml,6839,
tmi4.xml,tmi6.xml,0,17,
tmi4.xml,tmi5.xml,0,18,
ccn1.xml,tmi16.xml,6853,
ccn2.xml,smiTemplateid5.xml,6854,
ccn2.xml,cxl4.xml,6861,
ccn1.xml,ccn8.xml,6869,
ccn3.xml,smiTemplateid8.xml,6871,
ccn1.xml,ccn7.xml,6887,
ccn2.xml,smiTemplateid6.xml,6893,
ccn3.xml,tmi18.xml,6899,
ccn2.xml,smiTemplateid0.xml,6913,
ccn2.xml,smiTemplateid12.xml,6924,
ccn3.xml,tmi24.xml,6931,
ccn4.xml,cxl3.xml,6940,
ccn3.xml,tmi13.xml,6959,
ccn1.xml,tmi24.xml,6964,
ccn2.xml,ccn8.xml,6974,
ccn3.xml,smiTemplateid6.xml,6971,
ccn1.xml,smiTemplateid2.xml,6985,
ccn2.xml,tmi10.xml,6996,
ccn2.xml,cxl3.xml,7007,
ccn1.xml,cxs4.xml,7020,
ccn2.xml,ccn4.xml,7028,
ccn1.xml,smiTemplateid5.xml,7040,
ccn1.xml,cxl4.xml,7051,
ccn2.xml,cxs4.xml,7059,
ccn1.xml,ccn4.xml,7072,
ccn2.xml,cxs3.xml,7081,
ccn3.xml,tmi8.xml,7087,
ccn4.xml,cxs3.xml,7096,
ccn1.xml,tmi7.xml,7113,
ccn1.xml,smiTemplateid0.xml,7124,
ccn1.xml,tmi10.xml,7133,
ccn2.xml,smiTemplateid2.xml,7141,
ccn1.xml,tmi6.xml,7153,
ccn4.xml,ccn6.xml,7159,
ccn1.xml,tmi17.xml,7179,
ccn4.xml,tmi13.xml,7189,
ccn1.xml,smiTemplateid1.xml,7205,
ccn2.xml,ccn7.xml,7212,
ccn1.xml,smiTemplateid6.xml,7227,
ccn1.xml,cxl3.xml,7235,
ccn4.xml,ccn7.xml,7245,
ccn3.xml,tmi17.xml,7271,
ccn5.xml,cxs4.xml,7308,
smiTemplateid8.xml,tmi13.xml,0,19,
smiTemplateid4.xml,tmi6.xml,0,20,
smiTemplateid2.xml,tmi8.xml,0,21,
smiTemplateid1.xml,tmi6.xml,0,22,
smiTemplateid1.xml,tmi5.xml,0,23,
smiTemplateid1.xml,smiTemplateid4.xml,0,24,
smiNoRedundantTemplateid5.xml,tmi7.xml,0,25,
smiNoRedundantTemplateid5.xml,smiTemplateid5.xml,0,26,
smiNoRedundantTemplateid10.xml,tmi16.xml,0,27,
cxs2.xml,tmi5.xml,0,28,
cxs2.xml,tmi4.xml,0,29,
cxs2.xml,smiTemplateid4.xml,0,30,
cxl2.xml,tmi6.xml,0,31,
cxl2.xml,smiTemplateid1.xml,0,32,
smiTemplateid6.xml,tmi10.xml,0,33,
smiTemplateid5.xml,tmi7.xml,0,34,
smiTemplateid9.xml,tmi15.xml,0,35,
smiTemplateid4.xml,tmi5.xml,0,36,
smiTemplateid4.xml,tmi4.xml,0,37,
smiTemplateid3.xml,tmi9.xml,0,38,
smiTemplateid11.xml,tmi17.xml,0,39,
smiTemplateid10.xml,tmi16.xml,0,40,
smiTemplateid1.xml,tmi4.xml,0,41,
smiNoRedundantTemplateid10.xml,smiTemplateid10.xml,0,42,
cxs2.xml,tmi6.xml,0,43,
cxs2.xml,smiTemplateid1.xml,0,44,
cxl2.xml,tmi4.xml,0,45,
cxl2.xml,tmi5.xml,0,46,
cxl2.xml,smiTemplateid4.xml,0,47,
cxl2.xml,cxs2.xml,0,48,
smiTemplateid12.xml,tmi18.xml,0,49,
ccn6.xml,tmi17.xml,14738,
ccn6.xml,cxs4.xml,14872,
ccn2.xml,smiTemplateid11.xml,15718,
ccn3.xml,tmi14.xml,16179,
ccn1.xml,smiTemplateid11.xml,16261,
ccn6.xml,smiTemplateid5.xml,15422,
ccn6.xml,smiTemplateid6.xml,15477,
ccn1.xml,cxs2.xml,16385,
ccn2.xml,ccn6.xml,16449,
ccn1.xml,tmi14.xml,16451,
ccn1.xml,tmi5.xml,16455,
ccn1.xml,cxl2.xml,16456,
ccn2.xml,smiNoRedundantTemplateid5.xml,16517,
ccn3.xml,smiTemplateid9.xml,16525,
ccn2.xml,smiTemplateid8.xml,16530,
ccn3.xml,smiTemplateid5.xml,16534,
ccn2.xml,cxl1.xml,16718,
smiTemplateid0.xml,tmi2.xml,6055,50,
smiTemplateid11.xml,smiTemplateid6.xml,8262,
smiTemplateid11.xml,tmi10.xml,8274,
smiTemplateid4.xml,tmi14.xml,8503,
smiTemplateid2.xml,tmi15.xml,8458,
smiTemplateid3.xml,tmi5.xml,8551,
ccn2.xml,tmi19.xml,18875,
smiTemplateid4.xml,smiTemplateid9.xml,8667,
smiTemplateid4.xml,tmi18.xml,8663,
ccn3.xml,tmi15.xml,19086,
ccn3.xml,tmi16.xml,19087,
ccn6.xml,smiTemplateid12.xml,18194,
ccn1.xml,ccn6.xml,19098,
ccn2.xml,smiTemplateid10.xml,19096,
ccn2.xml,ccn5.xml,19097,
ccn6.xml,smiTemplateid1.xml,18436,
ccn3.xml,tmi19.xml,19720,
ccn1.xml,cxs1.xml,19728,
ccn2.xml,smiNoRedundantTemplateid10.xml,19726,
ccn1.xml,ccn2.xml,19730,
ccn2.xml,cxs2.xml,19727,
ccn1.xml,smiTemplateid8.xml,19730,
ccn2.xml,cxl2.xml,19727,
ccn1.xml,ccn5.xml,19731,
ccn6.xml,cxs3.xml,18957,
ccn1.xml,smiNoRedundantTemplateid5.xml,19731,
ccn1.xml,smiTemplateid10.xml,19731,
ccn4.xml,ccn8.xml,19725,
ccn4.xml,cxl1.xml,19725,
ccn4.xml,cxs1.xml,19730,
ccn4.xml,smiTemplateid9.xml,19731,
ccn3.xml,tmi10.xml,19749,
ccn1.xml,tmi15.xml,19754,
ccn3.xml,tmi2.xml,19750,
ccn1.xml,cxl1.xml,19756,
ccn2.xml,smiTemplateid3.xml,19755,
ccn1.xml,tmi19.xml,19757,
ccn6.xml,tmi10.xml,18826,
ccn6.xml,tmi2.xml,18789,
ccn1.xml,tmi8.xml,19758,
ccn6.xml,cxl4.xml,19006,
ccn4.xml,ccn5.xml,19752,
ccn6.xml,tmi16.xml,18826,
ccn3.xml,tmi9.xml,19754,
ccn1.xml,smiTemplateid3.xml,19760,
ccn2.xml,cxs1.xml,19758,
ccn1.xml,smiTemplateid9.xml,19759,
ccn6.xml,smiTemplateid2.xml,18883,
ccn1.xml,tmi4.xml,19760,
ccn1.xml,tmi9.xml,19760,
ccn6.xml,smiTemplateid0.xml,18979,
ccn1.xml,smiNoRedundantTemplateid10.xml,19761,
ccn6.xml,tmi13.xml,18823,
ccn4.xml,cxs4.xml,19754,
ccn2.xml,smiTemplateid9.xml,19758,
ccn2.xml,smiTemplateid4.xml,19949,
ccn1.xml,smiTemplateid4.xml,20051,
ccn7.xml,ccn8.xml,8278,
smiTemplateid11.xml,tmi6.xml,10278,
ccn6.xml,tmi6.xml,8541,
tmi4.xml,tmi8.xml,11313,
tmi5.xml,tmi7.xml,11314,
tmi6.xml,tmi8.xml,11336,
tmi8.xml,tmi9.xml,8437,
tmi18.xml,tmi2.xml,11414,
cxs4.xml,smiTemplateid5.xml,22305,
smiNoRedundantTemplateid10.xml,smiNoRedundantTemplateid5.xml,11559,
smiNoRedundantTemplateid5.xml,smiTemplateid4.xml,11771,
cxs3.xml,smiNoRedundantTemplateid10.xml,11641,
cxs2.xml,tmi16.xml,11619,
cxs3.xml,smiTemplateid3.xml,11754,
cxs2.xml,tmi24.xml,11794,
cxs4.xml,smiTemplateid0.xml,11998,
cxs1.xml,smiTemplateid2.xml,11740,
ccn5.xml,tmi6.xml,23296,
tmi13.xml,tmi5.xml,14522,
tmi5.xml,tmi8.xml,11840,
ccn3.xml,ccn7.xml,24854,
smiTemplateid5.xml,tmi6.xml,14693,
smiTemplateid5.xml,tmi9.xml,14705,
ccn4.xml,tmi14.xml,25052,
smiTemplateid1.xml,tmi18.xml,8500,
smiTemplateid1.xml,tmi8.xml,14860,
cxl3.xml,tmi2.xml,14955,
ccn4.xml,smiNoRedundantTemplateid10.xml,26742,
ccn8.xml,smiTemplateid4.xml,14731,
cxl1.xml,tmi18.xml,14947,
ccn8.xml,cxs2.xml,14756,
ccn8.xml,cxl2.xml,14785,
tmi17.xml,tmi6.xml,17327,
ccn6.xml,tmi24.xml,14885,
smiNoRedundantTemplateid10.xml,tmi18.xml,17729,
smiTemplateid2.xml,smiTemplateid4.xml,15110,
smiNoRedundantTemplateid10.xml,smiTemplateid4.xml,17802,
smiTemplateid3.xml,smiTemplateid4.xml,15079,
smiTemplateid12.xml,tmi4.xml,15183,
cxs3.xml,smiTemplateid10.xml,17701,
ccn4.xml,smiTemplateid6.xml,28990,
cxs4.xml,tmi5.xml,18045,
cxs2.xml,cxs3.xml,17948,
smiTemplateid8.xml,tmi9.xml,20424,
smiTemplateid8.xml,tmi2.xml,20517,
smiTemplateid9.xml,tmi16.xml,20555,
smiTemplateid6.xml,tmi17.xml,20490,
tmi10.xml,tmi6.xml,20745,
smiTemplateid5.xml,tmi16.xml,20457,
ccn3.xml,cxl3.xml,31071,
ccn5.xml,cxl3.xml,31126,
cxl1.xml,smiTemplateid10.xml,20585,
cxl2.xml,tmi15.xml,20817,
cxl1.xml,smiTemplateid3.xml,20667,
ccn8.xml,tmi19.xml,20617,
cxl1.xml,tmi15.xml,20775,
cxl1.xml,cxs1.xml,20754,
tmi24.xml,tmi5.xml,23519,
tmi18.xml,tmi19.xml,23510,
smiNoRedundantTemplateid10.xml,tmi14.xml,23334,
smiNoRedundantTemplateid10.xml,tmi5.xml,23392,
smiNoRedundantTemplateid10.xml,smiTemplateid9.xml,23399,
smiTemplateid3.xml,smiTemplateid9.xml,24060,
cxs4.xml,tmi9.xml,23573,
cxs3.xml,tmi8.xml,23660,
smiNoRedundantTemplateid10.xml,tmi8.xml,24161,
cxl3.xml,tmi6.xml,23568,
tmi6.xml,tmi9.xml,23387,
tmi10.xml,tmi2.xml,26325,
smiTemplateid9.xml,tmi10.xml,26300,
smiTemplateid5.xml,smiTemplateid9.xml,26180,
tmi2.xml,tmi6.xml,23495,
smiTemplateid1.xml,smiTemplateid6.xml,20047,
smiTemplateid1.xml,tmi17.xml,26210,
smiNoRedundantTemplateid5.xml,tmi18.xml,26305,
cxl1.xml,tmi14.xml,26049,
ccn4.xml,tmi17.xml,37949,
smiTemplateid11.xml,tmi16.xml,27579,
ccn7.xml,tmi18.xml,25905,
ccn8.xml,smiNoRedundantTemplateid5.xml,25983,
ccn5.xml,cxs3.xml,38094,
ccn6.xml,tmi7.xml,26042,
smiTemplateid6.xml,tmi24.xml,28843,
smiNoRedundantTemplateid10.xml,tmi9.xml,28773,
ccn5.xml,tmi16.xml,28673,
smiTemplateid12.xml,smiTemplateid3.xml,26139,
cxs3.xml,tmi24.xml,28903,
cxs4.xml,smiTemplateid9.xml,29051,
cxs4.xml,smiTemplateid12.xml,29047,
cxs1.xml,tmi10.xml,28843,
smiNoRedundantTemplateid10.xml,tmi15.xml,29783,
tmi13.xml,tmi19.xml,28383,
ccn5.xml,ccn7.xml,41382,
smiTemplateid6.xml,tmi7.xml,31416,
ccn5.xml,smiTemplateid12.xml,41851,
tmi15.xml,tmi4.xml,25105,
ccn4.xml,tmi18.xml,41946,
smiTemplateid1.xml,tmi7.xml,31412,
cxs3.xml,smiTemplateid2.xml,31265,
ccn5.xml,tmi13.xml,42735,
ccn8.xml,tmi5.xml,30993,
ccn4.xml,tmi24.xml,43070,
ccn8.xml,cxs3.xml,31088,
ccn7.xml,cxl1.xml,30909,
tmi13.xml,tmi14.xml,33659,
tmi14.xml,tmi7.xml,33806,
cxl3.xml,smiTemplateid5.xml,32529,
smiTemplateid0.xml,smiTemplateid5.xml,33842,
smiTemplateid3.xml,tmi15.xml,34270,
cxs3.xml,tmi7.xml,33745,
cxs2.xml,tmi2.xml,33751,
cxs3.xml,cxs4.xml,33878,
cxl2.xml,tmi14.xml,33543,
cxl1.xml,tmi8.xml,33610,
smiTemplateid6.xml,tmi6.xml,36247,
cxl4.xml,smiNoRedundantTemplateid10.xml,29724,
ccn2.xml,tmi18.xml,46504,
smiTemplateid10.xml,tmi7.xml,36034,
cxl3.xml,tmi5.xml,29909,
smiTemplateid1.xml,smiTemplateid8.xml,36039,
smiTemplateid12.xml,smiTemplateid6.xml,33509,
cxs3.xml,tmi4.xml,36129,
smiTemplateid11.xml,tmi24.xml,37504,
tmi16.xml,tmi9.xml,38221,
tmi16.xml,tmi8.xml,38290,
tmi18.xml,tmi5.xml,38517,
tmi15.xml,tmi7.xml,38461,
tmi14.xml,tmi24.xml,38471,
tmi15.xml,tmi24.xml,38545,
ccn5.xml,tmi24.xml,48831,
smiTemplateid12.xml,tmi7.xml,38542,
cxs1.xml,smiTemplateid1.xml,38243,
smiTemplateid12.xml,tmi8.xml,39255,
cxl1.xml,smiTemplateid8.xml,37967,
cxl3.xml,tmi19.xml,38275,
ccn8.xml,tmi6.xml,38017,
cxl2.xml,cxs1.xml,38218,
ccn8.xml,tmi10.xml,37996,
tmi13.xml,tmi18.xml,40546,
smiNoRedundantTemplateid5.xml,smiTemplateid10.xml,40407,
smiNoRedundantTemplateid5.xml,tmi5.xml,40578,
smiTemplateid0.xml,smiTemplateid9.xml,40700,
ccn5.xml,tmi2.xml,51398,
cxs2.xml,smiTemplateid2.xml,40346,
cxs2.xml,smiTemplateid5.xml,40364,
cxs4.xml,tmi19.xml,40667,
cxs3.xml,smiTemplateid1.xml,40481,
cxl1.xml,cxs2.xml,40287,
smiTemplateid6.xml,tmi13.xml,42633,
smiTemplateid10.xml,tmi17.xml,42422,
smiTemplateid10.xml,smiTemplateid5.xml,42556,
smiTemplateid10.xml,smiTemplateid12.xml,42605,
ccn4.xml,smiTemplateid3.xml,53205,
smiTemplateid10.xml,tmi2.xml,42683,
ccn1.xml,tmi18.xml,53312,
cxl4.xml,tmi7.xml,42417,
smiTemplateid2.xml,tmi19.xml,43941,
tmi17.xml,tmi7.xml,44781,
tmi13.xml,tmi9.xml,44677,
tmi10.xml,tmi17.xml,44687,
tmi13.xml,tmi15.xml,41767,
smiTemplateid9.xml,tmi5.xml,44846,
smiTemplateid9.xml,tmi19.xml,44958,
ccn4.xml,tmi7.xml,55108,
smiNoRedundantTemplateid5.xml,smiTemplateid8.xml,44466,
ccn7.xml,smiNoRedundantTemplateid10.xml,43871,
ccn7.xml,tmi4.xml,43975,
cxl3.xml,cxs2.xml,44425,
cxl1.xml,tmi4.xml,44374,
cxl1.xml,tmi19.xml,44376,
tmi24.xml,tmi8.xml,46820,
tmi15.xml,tmi8.xml,46771,
smiTemplateid6.xml,smiTemplateid8.xml,46626,
ccn5.xml,smiTemplateid0.xml,56895,
cxs2.xml,smiTemplateid6.xml,46401,
cxs1.xml,tmi7.xml,46338,
cxs1.xml,tmi6.xml,46408,
smiTemplateid2.xml,tmi2.xml,47380,
ccn7.xml,tmi17.xml,45697,
cxs1.xml,cxs4.xml,46484,
cxl1.xml,tmi5.xml,46230,
tmi19.xml,tmi5.xml,48720,
smiTemplateid3.xml,smiTemplateid8.xml,45379,
smiNoRedundantTemplateid5.xml,smiTemplateid9.xml,48420,
smiNoRedundantTemplateid5.xml,tmi4.xml,48456,
cxs3.xml,tmi18.xml,48310,
cxs4.xml,tmi10.xml,48456,
cxl4.xml,tmi14.xml,47990,
cxs2.xml,smiTemplateid0.xml,48224,
ccn8.xml,cxl3.xml,47780,
ccn5.xml,smiTemplateid6.xml,60527,
ccn4.xml,tmi8.xml,60576,
smiTemplateid12.xml,smiTemplateid2.xml,50353,
smiTemplateid4.xml,tmi19.xml,50550,
smiTemplateid0.xml,tmi6.xml,50189,
smiNoRedundantTemplateid10.xml,tmi19.xml,49991,
smiTemplateid0.xml,smiTemplateid12.xml,50300,
smiTemplateid12.xml,tmi24.xml,47435,
cxl4.xml,cxs4.xml,49936,
tmi13.xml,tmi4.xml,52011,
cxl4.xml,tmi18.xml,50793,
ccn4.xml,smiTemplateid2.xml,62346,
smiTemplateid1.xml,tmi13.xml,51715,
smiTemplateid10.xml,smiTemplateid6.xml,51809,
ccn3.xml,smiTemplateid12.xml,62362,
smiTemplateid0.xml,tmi15.xml,51741,
cxl4.xml,smiTemplateid8.xml,51265,
ccn7.xml,cxs1.xml,50965,
smiTemplateid8.xml,tmi10.xml,53594,
smiTemplateid8.xml,smiTemplateid9.xml,53590,
smiTemplateid9.xml,tmi9.xml,53726,
smiTemplateid5.xml,tmi5.xml,53685,
smiTemplateid6.xml,tmi2.xml,53740,
ccn3.xml,ccn6.xml,63885,
smiNoRedundantTemplateid5.xml,tmi15.xml,53416,
cxl3.xml,tmi10.xml,53034,
tmi16.xml,tmi5.xml,55189,
tmi17.xml,tmi24.xml,55200,
tmi17.xml,tmi2.xml,55241,
smiTemplateid8.xml,tmi6.xml,55079,
smiTemplateid8.xml,tmi5.xml,55094,
tmi10.xml,tmi16.xml,55196,
smiTemplateid1.xml,tmi24.xml,55057,
cxl4.xml,tmi17.xml,54400,
ccn8.xml,tmi16.xml,54137,
ccn7.xml,tmi8.xml,54053,
smiTemplateid11.xml,tmi13.xml,55819,
ccn8.xml,tmi15.xml,54283,
smiTemplateid11.xml,tmi7.xml,55899,
tmi4.xml,tmi7.xml,56954,
smiTemplateid4.xml,smiTemplateid8.xml,56596,
smiNoRedundantTemplateid10.xml,smiTemplateid8.xml,56040,
cxl4.xml,tmi13.xml,55852,
cxl2.xml,smiTemplateid8.xml,55754,
cxl1.xml,smiNoRedundantTemplateid10.xml,55659,
cxs1.xml,cxs3.xml,56125,
cxl2.xml,tmi18.xml,56009,
ccn5.xml,tmi7.xml,58353,
smiTemplateid4.xml,tmi8.xml,58004,
ccn4.xml,cxl4.xml,68404,
smiTemplateid2.xml,smiTemplateid9.xml,58283,
ccn7.xml,smiTemplateid8.xml,56664,
cxs1.xml,tmi24.xml,57481,
cxl3.xml,tmi9.xml,57301,
cxl4.xml,smiTemplateid3.xml,57372,
cxl2.xml,smiNoRedundantTemplateid5.xml,57235,
smiTemplateid5.xml,tmi15.xml,59423,
tmi14.xml,tmi4.xml,59896,
cxs1.xml,tmi17.xml,58611,
cxs1.xml,smiTemplateid5.xml,58753,
cxl2.xml,smiTemplateid10.xml,58398,
cxl4.xml,tmi4.xml,58741,
cxs4.xml,tmi6.xml,59246,
cxl3.xml,smiTemplateid9.xml,58682,
ccn6.xml,ccn7.xml,70599,
ccn2.xml,tmi4.xml,71014,
cxl3.xml,smiTemplateid11.xml,59743,
smiTemplateid12.xml,tmi14.xml,56941,
cxl4.xml,tmi8.xml,59966,
cxs4.xml,tmi15.xml,60405,
cxl4.xml,tmi24.xml,60001,
cxl1.xml,smiNoRedundantTemplateid5.xml,59728,
tmi14.xml,tmi18.xml,62037,
smiTemplateid10.xml,tmi24.xml,61591,
cxl2.xml,smiTemplateid11.xml,60782,
cxl2.xml,tmi8.xml,58202,
cxl3.xml,tmi15.xml,61052,
ccn7.xml,smiTemplateid6.xml,60507,
cxl4.xml,smiTemplateid2.xml,61126,
cxl3.xml,smiTemplateid12.xml,61042,
ccn5.xml,tmi17.xml,72968,
smiTemplateid9.xml,tmi6.xml,63250,
cxl3.xml,smiTemplateid0.xml,61796,
cxl1.xml,smiTemplateid11.xml,61795,
ccn8.xml,tmi9.xml,61807,
cxs1.xml,smiTemplateid0.xml,62438,
ccn8.xml,smiTemplateid0.xml,61801,
ccn8.xml,smiTemplateid12.xml,61848,
ccn8.xml,tmi2.xml,61899,
smiTemplateid0.xml,tmi9.xml,63838,
smiTemplateid12.xml,tmi13.xml,60859,
ccn8.xml,smiTemplateid9.xml,62852,
ccn7.xml,cxs4.xml,62656,
cxl2.xml,tmi9.xml,63258,
smiTemplateid3.xml,tmi4.xml,64684,
smiTemplateid2.xml,tmi10.xml,62727,
smiTemplateid2.xml,smiTemplateid5.xml,62725,
smiTemplateid12.xml,tmi17.xml,65063,
ccn2.xml,tmi14.xml,75482,
ccn5.xml,ccn8.xml,75606,
ccn7.xml,smiTemplateid10.xml,63478,
cxs4.xml,smiTemplateid4.xml,64783,
smiTemplateid3.xml,tmi19.xml,65631,
tmi14.xml,tmi8.xml,66152,
tmi18.xml,tmi6.xml,66475,
smiNoRedundantTemplateid5.xml,tmi14.xml,65676,
smiTemplateid2.xml,tmi6.xml,63041,
ccn7.xml,cxl4.xml,64565,
cxl4.xml,cxs1.xml,65243,
cxs2.xml,cxs4.xml,65551,
tmi10.xml,tmi13.xml,66949,
tmi2.xml,tmi7.xml,64437,
ccn5.xml,cxl4.xml,77135,
ccn5.xml,smiTemplateid1.xml,77222,
cxs3.xml,tmi13.xml,66252,
cxl1.xml,smiTemplateid9.xml,65935,
tmi19.xml,tmi9.xml,68235,
tmi10.xml,tmi7.xml,68009,
smiTemplateid10.xml,tmi10.xml,67479,
smiTemplateid6.xml,tmi18.xml,67907,
smiTemplateid10.xml,tmi6.xml,67538,
smiNoRedundantTemplateid5.xml,tmi9.xml,67505,
cxl4.xml,smiTemplateid1.xml,66956,
ccn5.xml,smiTemplateid2.xml,78850,
smiTemplateid2.xml,tmi9.xml,68460,
smiTemplateid5.xml,tmi2.xml,68672,
smiNoRedundantTemplateid5.xml,tmi8.xml,68174,
smiTemplateid4.xml,tmi15.xml,68723,
smiNoRedundantTemplateid5.xml,smiTemplateid3.xml,68212,
smiTemplateid0.xml,smiTemplateid4.xml,68362,
cxl2.xml,smiNoRedundantTemplateid10.xml,67383,
cxs3.xml,tmi17.xml,68553,
cxs3.xml,smiTemplateid8.xml,68524,
cxs1.xml,tmi16.xml,68403,
cxs3.xml,tmi14.xml,68673,
ccn8.xml,smiTemplateid5.xml,67932,
smiTemplateid3.xml,tmi14.xml,67608,
tmi15.xml,tmi17.xml,70195,
cxl1.xml,smiTemplateid4.xml,68170,
cxl3.xml,tmi16.xml,68915,
ccn7.xml,smiTemplateid1.xml,68341,
cxl2.xml,tmi19.xml,69029,
smiTemplateid3.xml,tmi18.xml,70418,
cxs4.xml,smiTemplateid11.xml,69733,
smiTemplateid6.xml,tmi14.xml,70706,
ccn6.xml,cxl3.xml,74155,
ccn3.xml,smiNoRedundantTemplateid5.xml,80964,
tmi15.xml,tmi18.xml,71233,
tmi14.xml,tmi17.xml,71335,
smiTemplateid11.xml,smiTemplateid5.xml,70967,
smiTemplateid1.xml,smiTemplateid2.xml,71013,
smiTemplateid0.xml,tmi10.xml,71064,
cxs2.xml,tmi7.xml,70587,
cxl1.xml,tmi9.xml,70049,
cxs1.xml,smiTemplateid12.xml,70459,
ccn6.xml,ccn8.xml,75194,
tmi2.xml,tmi24.xml,72416,
ccn2.xml,tmi5.xml,82098,
cxs3.xml,smiTemplateid6.xml,71224,
smiTemplateid11.xml,smiTemplateid2.xml,71964,
smiTemplateid1.xml,smiTemplateid10.xml,71876,
ccn7.xml,tmi14.xml,70495,
ccn3.xml,cxs3.xml,82662,
ccn3.xml,smiTemplateid0.xml,82732,
ccn5.xml,tmi10.xml,82739,
cxs4.xml,smiNoRedundantTemplateid5.xml,71789,
smiTemplateid3.xml,tmi8.xml,72554,
cxs1.xml,tmi13.xml,71796,
smiTemplateid0.xml,tmi5.xml,72559,
cxl2.xml,smiTemplateid3.xml,71624,
smiNoRedundantTemplateid5.xml,smiTemplateid11.xml,72601,
ccn2.xml,tmi9.xml,83477,
cxs2.xml,tmi13.xml,72269,
smiTemplateid9.xml,tmi2.xml,73573,
cxl4.xml,smiTemplateid6.xml,72130,
smiTemplateid0.xml,tmi16.xml,73164,
ccn4.xml,smiTemplateid8.xml,83902,
cxl3.xml,cxs3.xml,72321,
tmi16.xml,tmi18.xml,74259,
cxl2.xml,smiTemplateid9.xml,72421,
ccn5.xml,smiTemplateid5.xml,84212,
tmi10.xml,tmi24.xml,74307,
smiTemplateid5.xml,tmi10.xml,74063,
smiNoRedundantTemplateid5.xml,tmi19.xml,73543,
smiTemplateid8.xml,tmi15.xml,74310,
smiNoRedundantTemplateid10.xml,smiTemplateid3.xml,73523,
smiTemplateid10.xml,tmi13.xml,74030,
tmi16.xml,tmi4.xml,74885,
ccn2.xml,tmi15.xml,84738,
cxs1.xml,smiTemplateid6.xml,73387,
smiTemplateid0.xml,smiTemplateid11.xml,74051,
ccn7.xml,tmi24.xml,72737,
ccn2.xml,tmi8.xml,84842,
smiTemplateid8.xml,tmi16.xml,74774,
cxs2.xml,tmi10.xml,73832,
smiTemplateid11.xml,tmi2.xml,74691,
smiTemplateid2.xml,tmi16.xml,74750,
smiTemplateid11.xml,smiTemplateid12.xml,74717,
cxl4.xml,smiTemplateid10.xml,73714,
ccn7.xml,tmi13.xml,73159,
cxs1.xml,tmi2.xml,73992,
cxs2.xml,smiTemplateid12.xml,74201,
cxl3.xml,smiNoRedundantTemplateid5.xml,73803,
tmi16.xml,tmi19.xml,75689,
ccn3.xml,smiTemplateid11.xml,85571,
ccn7.xml,tmi7.xml,73464,
smiTemplateid1.xml,tmi14.xml,75003,
smiNoRedundantTemplateid10.xml,smiTemplateid11.xml,74703,
smiTemplateid8.xml,tmi19.xml,75592,
smiTemplateid12.xml,smiTemplateid8.xml,75437,
ccn7.xml,smiTemplateid2.xml,73708,
tmi19.xml,tmi6.xml,76232,
cxs4.xml,tmi16.xml,74921,
smiTemplateid5.xml,tmi19.xml,75730,
smiTemplateid4.xml,tmi9.xml,75703,
tmi24.xml,tmi9.xml,76395,
ccn8.xml,smiTemplateid11.xml,74001,
tmi24.xml,tmi4.xml,76416,
smiTemplateid10.xml,smiTemplateid2.xml,75485,
tmi13.xml,tmi8.xml,76192,
ccn4.xml,smiTemplateid10.xml,86083,
cxs2.xml,tmi17.xml,74877,
smiTemplateid1.xml,smiTemplateid3.xml,75590,
tmi18.xml,tmi9.xml,76581,
cxl3.xml,smiTemplateid4.xml,74660,
tmi19.xml,tmi2.xml,76615,
smiTemplateid0.xml,tmi19.xml,75655,
cxs4.xml,tmi2.xml,75418,
tmi17.xml,tmi8.xml,79952,
tmi19.xml,tmi4.xml,80162,
tmi2.xml,tmi4.xml,80210,
tmi18.xml,tmi24.xml,80324,
tmi14.xml,tmi16.xml,80404,
smiNoRedundantTemplateid5.xml,smiTemplateid1.xml,79672,
smiTemplateid6.xml,tmi4.xml,80353,
cxs4.xml,tmi8.xml,79642,
smiNoRedundantTemplateid5.xml,tmi2.xml,79818,
smiNoRedundantTemplateid5.xml,tmi24.xml,79871,
ccn7.xml,smiTemplateid3.xml,75698,
smiNoRedundantTemplateid10.xml,tmi4.xml,76324,
smiTemplateid2.xml,tmi5.xml,77741,
cxl3.xml,smiNoRedundantTemplateid10.xml,79735,
cxl4.xml,tmi2.xml,80021,
cxl3.xml,smiTemplateid2.xml,79903,
ccn7.xml,tmi9.xml,79680,
ccn7.xml,tmi15.xml,79684,
ccn8.xml,tmi24.xml,79891,
ccn7.xml,tmi5.xml,79745,
ccn8.xml,smiTemplateid6.xml,79885,
ccn2.xml,tmi24.xml,89125,
smiTemplateid3.xml,tmi13.xml,81954,
smiTemplateid4.xml,tmi10.xml,79864,
smiTemplateid10.xml,smiTemplateid3.xml,82028,
ccn2.xml,tmi13.xml,89811,
smiTemplateid0.xml,tmi14.xml,82112,
ccn5.xml,cxl1.xml,89956,
ccn3.xml,smiTemplateid10.xml,89983,
smiTemplateid6.xml,tmi8.xml,82661,
tmi13.xml,tmi2.xml,82836,
smiTemplateid0.xml,smiTemplateid6.xml,82339,
smiNoRedundantTemplateid5.xml,smiTemplateid12.xml,82262,
tmi16.xml,tmi7.xml,83177,
smiTemplateid4.xml,tmi7.xml,82908,
smiTemplateid6.xml,tmi19.xml,83582,
smiTemplateid1.xml,smiTemplateid9.xml,83368,
ccn4.xml,tmi19.xml,91233,
cxs3.xml,smiTemplateid5.xml,83100,
cxl1.xml,tmi10.xml,82402,
cxs3.xml,smiNoRedundantTemplateid5.xml,83072,
cxs1.xml,smiNoRedundantTemplateid10.xml,82864,
cxs1.xml,smiTemplateid3.xml,82998,
cxs1.xml,tmi5.xml,83090,
cxl4.xml,tmi9.xml,83048,
cxl4.xml,tmi5.xml,83059,
ccn8.xml,tmi13.xml,82764,
ccn7.xml,cxs2.xml,82750,
ccn5.xml,smiTemplateid9.xml,82806,
smiTemplateid11.xml,tmi9.xml,85040,
smiTemplateid3.xml,tmi2.xml,82882,
smiTemplateid10.xml,tmi18.xml,85012,
smiTemplateid2.xml,smiTemplateid3.xml,85209,
smiTemplateid11.xml,smiTemplateid4.xml,85166,
smiTemplateid12.xml,tmi6.xml,82979,
ccn5.xml,smiNoRedundantTemplateid10.xml,92829,
smiTemplateid12.xml,smiTemplateid4.xml,85330,
smiTemplateid1.xml,tmi9.xml,85287,
smiTemplateid1.xml,smiTemplateid12.xml,85270,
tmi17.xml,tmi19.xml,86238,
tmi10.xml,tmi19.xml,77867,
smiTemplateid5.xml,tmi17.xml,86372,
smiNoRedundantTemplateid10.xml,smiTemplateid2.xml,85744,
smiTemplateid5.xml,tmi18.xml,86563,
cxs3.xml,tmi16.xml,85807,
ccn5.xml,cxs1.xml,94086,
ccn3.xml,smiTemplateid2.xml,94221,
cxs2.xml,smiTemplateid11.xml,85808,
cxs3.xml,tmi5.xml,86024,
cxs3.xml,tmi2.xml,86026,
cxs2.xml,tmi14.xml,85944,
cxl4.xml,smiTemplateid0.xml,86027,
cxl3.xml,tmi24.xml,85987,
ccn7.xml,smiTemplateid9.xml,85670,
ccn8.xml,smiTemplateid2.xml,85823,
ccn6.xml,tmi14.xml,85725,
ccn5.xml,tmi14.xml,85664,
smiTemplateid2.xml,smiTemplateid8.xml,87933,
smiTemplateid5.xml,tmi24.xml,85762,
smiTemplateid2.xml,tmi17.xml,87959,
smiTemplateid2.xml,tmi7.xml,88050,
smiTemplateid11.xml,tmi4.xml,87964,
smiTemplateid2.xml,tmi4.xml,88124,
ccn4.xml,smiTemplateid12.xml,95829,
smiTemplateid9.xml,tmi14.xml,80533,
ccn3.xml,cxs4.xml,95969,
tmi10.xml,tmi18.xml,80565,
tmi2.xml,tmi9.xml,89176,
smiNoRedundantTemplateid10.xml,tmi17.xml,88272,
tmi15.xml,tmi16.xml,89208,
smiNoRedundantTemplateid10.xml,tmi10.xml,88498,
smiNoRedundantTemplateid10.xml,smiTemplateid12.xml,88655,
smiTemplateid6.xml,tmi5.xml,89449,
cxs4.xml,tmi4.xml,88718,
cxs3.xml,tmi9.xml,88685,
smiTemplateid5.xml,smiTemplateid8.xml,89720,
cxs2.xml,smiTemplateid3.xml,88697,
cxs1.xml,smiTemplateid10.xml,88577,
cxl3.xml,tmi8.xml,88665,
cxl4.xml,cxs2.xml,88736,
ccn8.xml,tmi7.xml,88538,
cxl1.xml,tmi24.xml,88644,
ccn7.xml,smiNoRedundantTemplateid5.xml,88291,
ccn6.xml,smiTemplateid11.xml,88420,
smiTemplateid5.xml,tmi14.xml,88347,
smiTemplateid10.xml,tmi8.xml,90518,
smiTemplateid10.xml,tmi5.xml,90596,
smiTemplateid4.xml,tmi2.xml,90870,
smiTemplateid4.xml,smiTemplateid5.xml,88462,
smiTemplateid10.xml,tmi15.xml,90641,
ccn4.xml,tmi15.xml,98477,
ccn3.xml,cxs1.xml,98481,
tmi6.xml,tmi7.xml,91696,
smiTemplateid9.xml,tmi13.xml,83033,
smiTemplateid9.xml,tmi17.xml,83119,
tmi14.xml,tmi6.xml,91824,
smiNoRedundantTemplateid5.xml,tmi17.xml,91221,
cxs4.xml,smiTemplateid10.xml,91111,
cxs4.xml,tmi7.xml,91315,
ccn5.xml,ccn6.xml,99462,
cxs3.xml,tmi19.xml,91295,
smiTemplateid3.xml,smiTemplateid5.xml,89724,
cxs1.xml,tmi18.xml,91327,
cxs1.xml,smiTemplateid9.xml,91300,
cxs1.xml,cxs2.xml,91243,
cxl4.xml,tmi6.xml,91240,
cxl4.xml,smiTemplateid5.xml,91214,
ccn3.xml,ccn5.xml,99902,
ccn7.xml,tmi6.xml,90876,
cxl1.xml,cxl2.xml,88279,
ccn6.xml,smiTemplateid8.xml,90811,
smiTemplateid5.xml,tmi8.xml,92986,
smiTemplateid11.xml,smiTemplateid9.xml,93080,
smiTemplateid2.xml,tmi24.xml,93256,
smiTemplateid10.xml,tmi4.xml,93054,
smiTemplateid8.xml,tmi17.xml,85440,
tmi24.xml,tmi6.xml,94076,
smiNoRedundantTemplateid10.xml,smiTemplateid1.xml,92863,
smiNoRedundantTemplateid10.xml,tmi7.xml,93028,
tmi10.xml,tmi15.xml,85663,
tmi16.xml,tmi2.xml,93967,
tmi10.xml,tmi8.xml,85624,
tmi10.xml,tmi5.xml,93739,
cxl1.xml,smiTemplateid5.xml,92723,
cxs3.xml,smiTemplateid11.xml,93502,
cxs3.xml,smiTemplateid4.xml,93696,
cxs3.xml,smiTemplateid12.xml,93688,
cxl3.xml,tmi13.xml,93255,
cxs1.xml,tmi8.xml,93587,
cxl3.xml,tmi7.xml,93459,
ccn2.xml,tmi2.xml,102192,
cxl2.xml,smiTemplateid2.xml,93374,
cxl2.xml,cxl4.xml,93417,
cxl2.xml,smiTemplateid6.xml,93474,
cxl3.xml,cxs4.xml,93589,
cxl2.xml,cxs4.xml,93517,
smiTemplateid10.xml,tmi9.xml,95220,
smiTemplateid2.xml,tmi14.xml,95412,
ccn7.xml,smiTemplateid5.xml,93684,
smiTemplateid0.xml,smiTemplateid10.xml,95144,
smiTemplateid0.xml,tmi13.xml,95216,
tmi24.xml,tmi7.xml,96241,
smiTemplateid0.xml,smiTemplateid3.xml,95313,
tmi17.xml,tmi18.xml,96161,
tmi2.xml,tmi5.xml,96345,
tmi18.xml,tmi8.xml,96281,
smiTemplateid9.xml,tmi4.xml,87886,
smiNoRedundantTemplateid5.xml,smiTemplateid0.xml,95382,
cxl1.xml,tmi16.xml,94952,
cxs1.xml,smiTemplateid8.xml,95498,
cxl4.xml,tmi16.xml,95465,
ccn4.xml,smiTemplateid0.xml,104131,
cxl2.xml,tmi17.xml,95366,
cxl2.xml,tmi16.xml,95388,
cxl4.xml,smiTemplateid4.xml,95645,
cxl3.xml,tmi18.xml,95606,
cxl2.xml,cxl3.xml,95491,
cxl1.xml,smiTemplateid6.xml,95495,
cxl1.xml,cxs3.xml,95469,
ccn8.xml,cxs4.xml,95380,
ccn5.xml,smiTemplateid10.xml,104852,
smiTemplateid10.xml,tmi19.xml,97301,
ccn3.xml,smiNoRedundantTemplateid10.xml,104953,
smiTemplateid8.xml,tmi4.xml,89696,
tmi2.xml,tmi8.xml,98235,
smiNoRedundantTemplateid10.xml,smiTemplateid0.xml,97052,
smiTemplateid1.xml,smiTemplateid5.xml,97385,
tmi17.xml,tmi5.xml,98165,
smiTemplateid9.xml,tmi18.xml,89861,
tmi15.xml,tmi6.xml,98169,
smiNoRedundantTemplateid10.xml,tmi6.xml,97528,
smiNoRedundantTemplateid10.xml,tmi24.xml,97599,
cxs2.xml,smiTemplateid10.xml,97537,
cxl1.xml,tmi6.xml,89263,
cxs2.xml,smiNoRedundantTemplateid5.xml,97660,
cxl4.xml,smiTemplateid12.xml,97583,
tmi16.xml,tmi6.xml,99217,
cxl3.xml,cxl4.xml,97473,
cxl1.xml,tmi7.xml,97383,
ccn8.xml,smiTemplateid3.xml,97209,
cxl2.xml,smiTemplateid12.xml,97436,
ccn8.xml,cxl4.xml,97195,
cxl1.xml,smiTemplateid0.xml,97424,
ccn3.xml,ccn8.xml,106611,
ccn6.xml,cxl1.xml,97184,
smiTemplateid6.xml,tmi9.xml,99372,
smiTemplateid6.xml,smiTemplateid9.xml,96852,
tmi17.xml,tmi9.xml,99930,
smiTemplateid0.xml,tmi17.xml,99160,
smiNoRedundantTemplateid5.xml,smiTemplateid6.xml,99132,
tmi15.xml,tmi19.xml,99987,
tmi14.xml,tmi15.xml,100112,
tmi13.xml,tmi24.xml,100124,
tmi14.xml,tmi5.xml,100228,
cxs2.xml,smiNoRedundantTemplateid10.xml,99268,
ccn2.xml,tmi6.xml,107764,
cxs4.xml,tmi18.xml,99683,
cxs2.xml,tmi18.xml,99535,
cxl4.xml,smiTemplateid9.xml,99350,
ccn8.xml,smiTemplateid10.xml,98828,
ccn7.xml,cxl3.xml,98729,
cxl2.xml,smiTemplateid0.xml,99228,
cxl4.xml,tmi10.xml,99557,
smiTemplateid3.xml,tmi16.xml,98601,
smiTemplateid4.xml,tmi17.xml,98658,
smiTemplateid3.xml,tmi24.xml,101129,
ccn3.xml,cxl4.xml,108582,
tmi13.xml,tmi17.xml,101309,
smiTemplateid8.xml,tmi24.xml,93311,
tmi17.xml,tmi4.xml,101638,
tmi18.xml,tmi4.xml,101738,
smiTemplateid0.xml,smiTemplateid1.xml,101063,
smiTemplateid6.xml,tmi16.xml,101682,
cxl1.xml,tmi2.xml,92268,
cxs4.xml,tmi13.xml,101033,
cxs2.xml,smiTemplateid8.xml,100905,
ccn5.xml,smiTemplateid4.xml,109366,
cxs4.xml,smiTemplateid2.xml,101189,
ccn8.xml,smiTemplateid8.xml,100389,
cxs1.xml,smiNoRedundantTemplateid5.xml,100983,
ccn8.xml,smiNoRedundantTemplateid10.xml,100368,
ccn7.xml,smiTemplateid12.xml,100323,
cxl3.xml,cxs1.xml,100844,
cxl2.xml,cxs3.xml,100777,
smiTemplateid11.xml,tmi14.xml,102430,
ccn3.xml,smiTemplateid3.xml,110018,
smiTemplateid2.xml,smiTemplateid6.xml,95433,
smiTemplateid12.xml,tmi19.xml,100303,
tmi16.xml,tmi24.xml,103107,
tmi15.xml,tmi9.xml,103095,
smiTemplateid1.xml,tmi2.xml,102663,
smiTemplateid9.xml,tmi24.xml,94918,
tmi14.xml,tmi2.xml,103305,
smiNoRedundantTemplateid5.xml,tmi13.xml,102690,
smiTemplateid5.xml,tmi4.xml,103348,
cxs3.xml,tmi6.xml,102673,
cxl3.xml,smiTemplateid8.xml,102146,
ccn7.xml,smiTemplateid11.xml,101639,
ccn4.xml,smiTemplateid5.xml,110956,
tmi14.xml,tmi19.xml,103827,
ccn7.xml,cxs3.xml,101750,
cxl1.xml,cxs4.xml,102241,
ccn6.xml,tmi18.xml,101908,
smiTemplateid3.xml,tmi7.xml,101748,
smiTemplateid11.xml,tmi15.xml,103905,
smiTemplateid6.xml,tmi15.xml,104155,
smiTemplateid8.xml,tmi14.xml,96180,
smiTemplateid1.xml,smiTemplateid11.xml,103806,
tmi15.xml,tmi5.xml,104462,
tmi10.xml,tmi9.xml,104470,
tmi13.xml,tmi6.xml,104554,
ccn4.xml,tmi9.xml,112107,
ccn4.xml,smiNoRedundantTemplateid5.xml,112182,
cxl3.xml,tmi4.xml,103611,
cxl3.xml,smiTemplateid3.xml,103570,
ccn8.xml,tmi14.xml,103254,
ccn7.xml,cxl2.xml,103023,
ccn8.xml,tmi4.xml,103314,
ccn6.xml,tmi9.xml,103150,
ccn6.xml,cxs2.xml,103097,
ccn6.xml,smiNoRedundantTemplateid5.xml,103150,
tmi7.xml,tmi9.xml,105934,
smiTemplateid10.xml,smiTemplateid9.xml,105047,
tmi18.xml,tmi7.xml,105838,
smiTemplateid12.xml,tmi2.xml,103024,
cxl1.xml,tmi13.xml,104270,
ccn5.xml,smiTemplateid3.xml,113269,
ccn5.xml,tmi4.xml,103764,
cxs2.xml,tmi8.xml,105110,
cxs2.xml,tmi19.xml,105130,
cxs3.xml,smiTemplateid9.xml,105225,
cxl3.xml,smiTemplateid6.xml,104808,
ccn8.xml,smiTemplateid1.xml,104438,
cxl1.xml,smiTemplateid1.xml,104610,
ccn6.xml,smiTemplateid9.xml,104263,
ccn6.xml,tmi4.xml,104339,
tmi5.xml,tmi9.xml,107000,
smiTemplateid5.xml,smiTemplateid6.xml,106516,
smiTemplateid12.xml,tmi5.xml,104092,
smiNoRedundantTemplateid5.xml,tmi6.xml,106323,
ccn5.xml,smiTemplateid11.xml,114261,
smiTemplateid8.xml,tmi8.xml,97599,
ccn7.xml,tmi16.xml,105122,
cxl3.xml,tmi14.xml,105794,
cxs3.xml,smiTemplateid0.xml,106242,
ccn6.xml,tmi15.xml,105150,
ccn8.xml,tmi18.xml,105508,
ccn6.xml,smiTemplateid10.xml,105155,
cxl4.xml,tmi15.xml,106014,
cxl3.xml,smiTemplateid1.xml,105837,
ccn5.xml,cxs2.xml,114676,
ccn5.xml,tmi15.xml,105238,
smiTemplateid11.xml,tmi18.xml,107248,
smiNoRedundantTemplateid5.xml,smiTemplateid2.xml,107144,
cxl3.xml,smiTemplateid10.xml,106610,
cxl2.xml,smiTemplateid5.xml,106509,
ccn8.xml,tmi17.xml,106317,
cxl1.xml,tmi17.xml,106460,
cxs1.xml,tmi14.xml,106980,
cxs2.xml,smiTemplateid9.xml,107195,
cxl4.xml,tmi19.xml,107025,
cxl2.xml,tmi24.xml,106770,
smiTemplateid11.xml,tmi19.xml,106055,
cxl1.xml,smiTemplateid12.xml,106643,
ccn6.xml,cxl2.xml,106248,
smiTemplateid9.xml,tmi7.xml,100665,
smiTemplateid8.xml,tmi7.xml,100705,
cxl4.xml,smiTemplateid11.xml,107588,
ccn7.xml,tmi10.xml,107015,
ccn2.xml,tmi7.xml,116329,
cxs1.xml,tmi9.xml,107883,
smiTemplateid3.xml,smiTemplateid6.xml,99576,
ccn5.xml,tmi8.xml,106938,
tmi7.xml,tmi8.xml,109684,
ccn4.xml,tmi10.xml,116500,
ccn6.xml,smiTemplateid3.xml,107053,
smiTemplateid3.xml,tmi10.xml,106870,
smiNoRedundantTemplateid10.xml,smiTemplateid6.xml,108893,
cxl2.xml,tmi13.xml,108170,
ccn7.xml,tmi2.xml,107838,
ccn5.xml,smiTemplateid8.xml,107526,
smiTemplateid9.xml,tmi8.xml,100454,
smiTemplateid2.xml,tmi13.xml,109752,
cxs1.xml,smiTemplateid4.xml,108723,
cxl2.xml,tmi10.xml,108357,
cxs3.xml,tmi10.xml,108967,
smiTemplateid3.xml,tmi6.xml,109979,
smiTemplateid4.xml,smiTemplateid6.xml,107773,
smiTemplateid0.xml,tmi8.xml,109751,
cxs4.xml,smiTemplateid8.xml,109539,
ccn4.xml,smiTemplateid11.xml,117744,
ccn5.xml,cxl2.xml,117764,
smiTemplateid11.xml,smiTemplateid3.xml,110283,
ccn5.xml,tmi18.xml,108368,
smiTemplateid11.xml,tmi5.xml,110406,
ccn6.xml,tmi5.xml,108567,
cxl1.xml,cxl3.xml,108945,
tmi15.xml,tmi2.xml,110867,
smiTemplateid0.xml,smiTemplateid8.xml,110178,
smiTemplateid12.xml,smiTemplateid9.xml,110612,
smiTemplateid12.xml,tmi15.xml,110671,
ccn2.xml,tmi16.xml,118274,
ccn2.xml,tmi17.xml,118284,
ccn4.xml,tmi16.xml,118286,
smiTemplateid10.xml,smiTemplateid11.xml,110645,
ccn8.xml,cxl1.xml,109319,
smiTemplateid10.xml,smiTemplateid4.xml,110872,
ccn6.xml,tmi8.xml,109194,
smiTemplateid8.xml,tmi18.xml,103287,
cxl2.xml,tmi2.xml,109776,
smiNoRedundantTemplateid10.xml,tmi13.xml,110617,
smiTemplateid0.xml,smiTemplateid2.xml,110909,
ccn7.xml,smiTemplateid4.xml,109544,
ccn7.xml,tmi19.xml,109642,
ccn3.xml,cxl1.xml,118902,
ccn4.xml,tmi2.xml,118935,
smiTemplateid5.xml,tmi13.xml,111596,
cxs4.xml,smiTemplateid3.xml,110844,
tmi16.xml,tmi17.xml,111939,
cxl1.xml,cxl4.xml,110056,
smiTemplateid1.xml,tmi19.xml,111552,
cxs4.xml,tmi17.xml,111186,
tmi13.xml,tmi16.xml,112095,
smiTemplateid11.xml,tmi8.xml,111915,
cxs4.xml,tmi14.xml,111325,
cxs3.xml,tmi15.xml,111234,
ccn6.xml,cxs1.xml,110063,
smiNoRedundantTemplateid10.xml,tmi2.xml,111668,
smiNoRedundantTemplateid5.xml,tmi10.xml,111741,
smiTemplateid1.xml,tmi10.xml,111973,
smiTemplateid0.xml,tmi24.xml,111949,
ccn5.xml,tmi19.xml,110244,
tmi19.xml,tmi8.xml,112953,
cxs1.xml,tmi4.xml,111413,
ccn6.xml,smiTemplateid4.xml,110497,
cxl2.xml,tmi7.xml,111110,
tmi19.xml,tmi7.xml,113045,
tmi10.xml,tmi14.xml,104605,
cxl3.xml,tmi17.xml,111289,
smiTemplateid1.xml,tmi15.xml,112323,
smiTemplateid4.xml,tmi13.xml,110434,
smiTemplateid4.xml,tmi24.xml,112849,
tmi19.xml,tmi24.xml,113261,
cxl4.xml,smiNoRedundantTemplateid5.xml,111563,
cxs1.xml,tmi15.xml,111766,
cxs4.xml,tmi24.xml,112175,
smiTemplateid3.xml,tmi17.xml,112959,
tmi4.xml,tmi9.xml,113533,
ccn7.xml,smiTemplateid0.xml,111178,
cxl4.xml,cxs3.xml,111829,
smiTemplateid12.xml,smiTemplateid5.xml,113044,
smiNoRedundantTemplateid10.xml,smiTemplateid5.xml,112589,
tmi10.xml,tmi4.xml,105238,
ccn5.xml,smiNoRedundantTemplateid5.xml,120695,
smiTemplateid2.xml,tmi18.xml,113302,
cxs1.xml,tmi19.xml,112249,
ccn8.xml,tmi8.xml,111699,
cxs2.xml,tmi9.xml,112513,
smiTemplateid10.xml,tmi14.xml,113201,
smiTemplateid11.xml,smiTemplateid8.xml,113330,
smiTemplateid0.xml,tmi7.xml,113181,
smiTemplateid12.xml,tmi10.xml,113505,
tmi14.xml,tmi9.xml,113832,
smiTemplateid0.xml,tmi18.xml,113236,
tmi13.xml,tmi7.xml,113852,
ccn5.xml,tmi9.xml,111612,
smiTemplateid10.xml,smiTemplateid8.xml,113474,
smiNoRedundantTemplateid5.xml,tmi16.xml,113222,
smiTemplateid1.xml,tmi16.xml,113418,
ccn8.xml,cxs1.xml,111957,
smiTemplateid0.xml,tmi4.xml,113383,
smiTemplateid4.xml,tmi16.xml,111530,
cxs4.xml,smiNoRedundantTemplateid10.xml,113043,
cxs1.xml,smiTemplateid11.xml,112740,
smiTemplateid12.xml,tmi16.xml,111307,
cxl1.xml,smiTemplateid2.xml,112276,
ccn5.xml,tmi5.xml,111760,
smiTemplateid12.xml,tmi9.xml,111354,
ccn6.xml,tmi19.xml,111903,
cxs4.xml,smiTemplateid1.xml,113122,
cxs2.xml,tmi15.xml,112967,
cxs4.xml,smiTemplateid6.xml,113220,
50, ccn3.xml<->smiTemplateid1.xml, ccn4.xml<->tmi6.xml, ccn4.xml<->tmi5.xml, ccn4.xml<->tmi4.xml, ccn4.xml<->smiTemplateid4.xml, ccn3.xml<->cxs2.xml, ccn4.xml<->smiTemplateid1.xml, ccn3.xml<->cxl2.xml, ccn3.xml<->ccn4.xml, ccn3.xml<->smiTemplateid4.xml, ccn4.xml<->cxs2.xml, ccn4.xml<->cxl2.xml, ccn3.xml<->tmi4.xml, ccn3.xml<->tmi5.xml, ccn3.xml<->tmi6.xml, tmi5.xml<->tmi6.xml, tmi4.xml<->tmi6.xml, tmi4.xml<->tmi5.xml, smiTemplateid8.xml<->tmi13.xml, smiTemplateid4.xml<->tmi6.xml, smiTemplateid2.xml<->tmi8.xml, smiTemplateid1.xml<->tmi6.xml, smiTemplateid1.xml<->tmi5.xml, smiTemplateid1.xml<->smiTemplateid4.xml, smiNoRedundantTemplateid5.xml<->tmi7.xml, smiNoRedundantTemplateid5.xml<->smiTemplateid5.xml, smiNoRedundantTemplateid10.xml<->tmi16.xml, cxs2.xml<->tmi5.xml, cxs2.xml<->tmi4.xml, cxs2.xml<->smiTemplateid4.xml, cxl2.xml<->tmi6.xml, cxl2.xml<->smiTemplateid1.xml, smiTemplateid6.xml<->tmi10.xml, smiTemplateid5.xml<->tmi7.xml, smiTemplateid9.xml<->tmi15.xml, smiTemplateid4.xml<->tmi5.xml, smiTemplateid4.xml<->tmi4.xml, smiTemplateid3.xml<->tmi9.xml, smiTemplateid11.xml<->tmi17.xml, smiTemplateid10.xml<->tmi16.xml, smiTemplateid1.xml<->tmi4.xml, smiNoRedundantTemplateid10.xml<->smiTemplateid10.xml, cxs2.xml<->tmi6.xml, cxs2.xml<->smiTemplateid1.xml, cxl2.xml<->tmi4.xml, cxl2.xml<->tmi5.xml, cxl2.xml<->smiTemplateid4.xml, cxl2.xml<->cxs2.xml, smiTemplateid12.xml<->tmi18.xml, smiTemplateid0.xml<->tmi2.xml, 
, 122.369, 