ccn1.xml,ccn2.xml,6469,
ccn1.xml,cxs2.xml,6610,
ccn1.xml,cxl1.xml,6563,
ccn1.xml,ccn6.xml,6595,
ccn1.xml,cxl4.xml,6657,
ccn1.xml,cxl2.xml,6719,
ccn1.xml,cxl3.xml,7204,
ccn1.xml,cxs1.xml,7422,
ccn1.xml,ccn3.xml,7438,
ccn1.xml,tadSyncid0id0.xml,7532,
ccn1.xml,ccn4.xml,7532,
ccn1.xml,ccn8.xml,7547,
ccn1.xml,tadSyncid0id12.xml,4501,
ccn1.xml,tadSyncid0id2.xml,5110,
ccn1.xml,tadSyncid0id6.xml,5032,
ccn1.xml,tadSyncid0id4.xml,5235,
ccn1.xml,tadSyncid0id5.xml,5204,
ccn1.xml,tadSyncid0id1.xml,6111,
ccn1.xml,tadSyncid0id8.xml,5235,
ccn1.xml,tadSyncid0id3.xml,5517,
ccn1.xml,tadSyncid0id11.xml,6001,
ccn1.xml,tadSyncid0id9.xml,5329,
ccn1.xml,tadSyncid0id7.xml,5594,
ccn1.xml,tadSyncid0id10.xml,6282,
ccn1.xml,tadSyncid10id0.xml,3219,
ccn1.xml,tadSyncid10id1.xml,3766,
ccn1.xml,tadSyncid10id13.xml,4345,
ccn1.xml,tadSyncid10id12.xml,4720,
ccn1.xml,tadSyncid10id3.xml,6861,
ccn1.xml,tadSyncid10id2.xml,7095,
ccn1.xml,tadSyncid10id4.xml,7048,
ccn1.xml,tadSyncid11id0.xml,4407,
ccn1.xml,tadSyncid11id1.xml,4391,
ccn1.xml,tadSyncid10id11.xml,8439,
ccn1.xml,tadSyncid11id12.xml,3688,
ccn1.xml,tadSyncid11id3.xml,2468,
ccn1.xml,tadSyncid10id5.xml,9595,
ccn1.xml,tadSyncid11id13.xml,3453,
ccn1.xml,tadSyncid10id9.xml,10127,
ccn1.xml,tadSyncid11id2.xml,3453,
ccn1.xml,tadSyncid11id4.xml,3312,
ccn1.xml,tadSyncid11id5.xml,3563,
ccn1.xml,tadSyncid11id6.xml,4125,
ccn1.xml,tadSyncid11id7.xml,4453,
ccn1.xml,tadSyncid11id8.xml,3501,
ccn1.xml,tadSyncid12id1.xml,3579,
ccn1.xml,tadSyncid11id9.xml,4501,
ccn1.xml,tadSyncid12id0.xml,4174,
ccn1.xml,tadSyncid12id12.xml,5314,
ccn1.xml,tadSyncid11id11.xml,12800,
ccn1.xml,tadSyncid12id13.xml,5768,
ccn1.xml,tadSyncid12id6.xml,3440,
ccn1.xml,tadSyncid12id4.xml,5003,
ccn1.xml,tadSyncid12id2.xml,6926,
ccn1.xml,tadSyncid12id8.xml,3923,
ccn1.xml,tadSyncid12id3.xml,7285,
ccn1.xml,tadSyncid12id5.xml,6988,
ccn1.xml,tadSyncid12id10.xml,11959,
ccn1.xml,tadSyncid13id0.xml,6065,
ccn1.xml,tadSyncid10id7.xml,23710,
ccn1.xml,tadSyncid12id9.xml,6783,
ccn1.xml,tadSyncid13id11.xml,5720,
ccn1.xml,tadSyncid13id2.xml,5726,
ccn1.xml,tadSyncid13id1.xml,9112,
ccn1.xml,tadSyncid13id3.xml,6331,
ccn1.xml,tadSyncid13id6.xml,4096,
ccn1.xml,cxs4.xml,41479,
ccn1.xml,tadSyncid13id4.xml,6393,
ccn1.xml,tadSyncid12id7.xml,14913,
ccn1.xml,cxs3.xml,43043,
ccn1.xml,tadSyncid1id1.xml,2487,
ccn1.xml,tadSyncid1id0.xml,4597,
ccn1.xml,tadSyncid1id10.xml,3847,
ccn1.xml,tadSyncid1id11.xml,3690,
ccn1.xml,tadSyncid13id8.xml,6317,
ccn1.xml,tadSyncid1id12.xml,3706,
ccn1.xml,tadSyncid13id7.xml,8819,
ccn1.xml,tadSyncid1id3.xml,3704,
ccn1.xml,tadSyncid1id5.xml,3518,
ccn1.xml,tadSyncid1id2.xml,4707,
ccn1.xml,tadSyncid1id4.xml,4127,
ccn1.xml,tadSyncid1id6.xml,3079,
ccn1.xml,tadSyncid2id0.xml,3032,
ccn1.xml,tadSyncid1id7.xml,3610,
ccn1.xml,tadSyncid1id9.xml,3329,
ccn1.xml,tadSyncid1id8.xml,3813,
ccn1.xml,ccn7.xml,49545,
ccn1.xml,tadSyncid2id1.xml,3813,
ccn1.xml,tadSyncid2id10.xml,3313,
ccn1.xml,tadSyncid2id12.xml,3173,
ccn1.xml,ccn5.xml,50296,
ccn1.xml,tadSyncid2id11.xml,3376,
ccn1.xml,tadSyncid2id13.xml,3361,
ccn1.xml,tadSyncid2id3.xml,3563,
ccn1.xml,tadSyncid2id2.xml,4111,
ccn1.xml,tadSyncid2id6.xml,3814,
ccn1.xml,tadSyncid2id7.xml,4033,
ccn1.xml,tadSyncid2id4.xml,5080,
ccn1.xml,tadSyncid3id10.xml,3438,
ccn1.xml,tadSyncid2id9.xml,3845,
ccn1.xml,tadSyncid10id10.xml,41484,
ccn1.xml,tadSyncid3id11.xml,3751,
ccn1.xml,tadSyncid3id1.xml,4094,
ccn1.xml,tadSyncid3id0.xml,4220,
ccn1.xml,tadSyncid2id8.xml,4940,
ccn1.xml,tadSyncid3id12.xml,3844,
ccn1.xml,tadSyncid3id13.xml,3938,
ccn1.xml,tadSyncid3id3.xml,3797,
ccn1.xml,tadSyncid3id4.xml,4547,
ccn1.xml,tadSyncid3id5.xml,4235,
ccn1.xml,tadSyncid3id8.xml,3235,
ccn1.xml,tadSyncid3id6.xml,3750,
ccn1.xml,tadSyncid3id9.xml,3924,
ccn1.xml,tadSyncid4id0.xml,4078,
ccn1.xml,tadSyncid4id1.xml,4204,
ccn1.xml,tadSyncid4id13.xml,3095,
ccn1.xml,tadSyncid3id7.xml,5142,
ccn1.xml,tadSyncid4id11.xml,4642,
ccn1.xml,tadSyncid4id12.xml,4564,
ccn1.xml,tadSyncid4id10.xml,4892,
ccn1.xml,tadSyncid4id2.xml,4314,
ccn1.xml,tadSyncid4id3.xml,4612,
ccn1.xml,tadSyncid4id6.xml,4628,
ccn1.xml,tadSyncid4id9.xml,4034,
ccn1.xml,tadSyncid5id13.xml,3751,
ccn1.xml,tadSyncid5id2.xml,3970,
ccn1.xml,tadSyncid4id7.xml,5675,
ccn1.xml,tadSyncid4id8.xml,5425,
ccn1.xml,tadSyncid5id12.xml,4955,
ccn1.xml,tadSyncid5id10.xml,5377,
ccn1.xml,tadSyncid5id11.xml,5276,
ccn1.xml,tadSyncid5id4.xml,3970,
ccn1.xml,tadSyncid5id3.xml,5690,
ccn1.xml,tadSyncid6id0.xml,2501,
ccn1.xml,tadSyncid4id4.xml,8989,
ccn1.xml,tadSyncid6id12.xml,2423,
ccn1.xml,tadSyncid5id6.xml,4408,
ccn1.xml,tadSyncid6id11.xml,3392,
ccn1.xml,tadSyncid5id7.xml,5079,
ccn1.xml,tadSyncid5id8.xml,4846,
ccn1.xml,tadSyncid5id9.xml,4798,
ccn1.xml,tadSyncid6id1.xml,4502,
ccn1.xml,tadSyncid6id10.xml,5158,
ccn1.xml,tadSyncid6id13.xml,4627,
ccn1.xml,tadSyncid6id2.xml,4313,
ccn1.xml,tadSyncid5id5.xml,8097,
ccn1.xml,tadSyncid6id3.xml,4141,
ccn1.xml,tadSyncid6id5.xml,4110,
ccn1.xml,tadSyncid6id4.xml,4345,
ccn1.xml,tadSyncid7id1.xml,3267,
ccn1.xml,tadSyncid6id9.xml,4205,
ccn1.xml,tadSyncid6id8.xml,4893,
ccn1.xml,tadSyncid7id0.xml,4549,
ccn1.xml,tadSyncid7id13.xml,3877,
ccn1.xml,tadSyncid7id12.xml,4220,
ccn1.xml,tadSyncid7id11.xml,4299,
ccn1.xml,tadSyncid7id10.xml,5487,
ccn1.xml,tadSyncid7id5.xml,4675,
ccn1.xml,tadSyncid7id2.xml,5441,
ccn1.xml,tadSyncid7id6.xml,4957,
ccn1.xml,tadSyncid7id9.xml,4097,
ccn1.xml,tadSyncid7id8.xml,5019,
ccn1.xml,tadSyncid8id0.xml,4050,
ccn1.xml,tadSyncid8id1.xml,4050,
ccn1.xml,tadSyncid8id11.xml,4394,
ccn1.xml,tadSyncid8id10.xml,4738,
ccn1.xml,tadSyncid8id12.xml,4957,
ccn1.xml,tadSyncid8id13.xml,5255,
ccn1.xml,tadSyncid8id5.xml,3642,
ccn1.xml,tadSyncid8id9.xml,3581,
ccn1.xml,tadSyncid8id4.xml,4331,
ccn1.xml,tadSyncid8id3.xml,5082,
ccn1.xml,tadSyncid8id2.xml,5410,
ccn1.xml,tadSyncid8id6.xml,4206,
ccn1.xml,tadSyncid9id12.xml,5518,
ccn1.xml,tadSyncid9id11.xml,6206,
ccn1.xml,tadSyncid8id8.xml,8676,
ccn1.xml,tadSyncid9id2.xml,5533,
ccn1.xml,tadSyncid9id4.xml,5518,
ccn1.xml,tadSyncid9id13.xml,6409,
ccn1.xml,tadSyncid9id3.xml,7113,
ccn2.xml,ccn3.xml,2611,
ccn2.xml,ccn4.xml,2674,
ccn1.xml,tadSyncid6id6.xml,23310,
ccn2.xml,ccn6.xml,3283,
ccn2.xml,ccn8.xml,2305,
ccn2.xml,cxl1.xml,2767,
ccn2.xml,cxl2.xml,2626,
ccn2.xml,cxl3.xml,2634,
ccn2.xml,cxl4.xml,2880,
ccn2.xml,cxs1.xml,2380,
ccn2.xml,cxs2.xml,2348,
ccn2.xml,tadSyncid0id0.xml,2329,
ccn1.xml,tadSyncid9id7.xml,14151,
ccn1.xml,tadSyncid7id7.xml,29254,
ccn2.xml,tadSyncid0id1.xml,2282,
ccn2.xml,tadSyncid0id10.xml,2469,
ccn2.xml,tadSyncid0id11.xml,2610,
ccn2.xml,tadSyncid0id12.xml,2141,
ccn2.xml,tadSyncid0id2.xml,2188,
ccn2.xml,tadSyncid0id3.xml,2297,
ccn2.xml,tadSyncid0id4.xml,1985,
ccn2.xml,tadSyncid0id5.xml,2141,
ccn2.xml,tadSyncid0id6.xml,2407,
ccn2.xml,tadSyncid0id7.xml,1938,
ccn2.xml,tadSyncid0id8.xml,1782,
ccn2.xml,tadSyncid0id9.xml,1813,
ccn2.xml,tadSyncid10id1.xml,1938,
ccn2.xml,tadSyncid10id0.xml,2266,
ccn2.xml,tadSyncid10id12.xml,2205,
ccn2.xml,tadSyncid10id11.xml,4486,
ccn2.xml,tadSyncid10id13.xml,2392,
ccn2.xml,ccn5.xml,30826,
ccn2.xml,tadSyncid10id2.xml,3391,
ccn2.xml,tadSyncid10id3.xml,3955,
ccn2.xml,ccn7.xml,32000,
ccn2.xml,tadSyncid10id4.xml,3440,
ccn2.xml,cxs4.xml,25931,
ccn2.xml,cxs3.xml,26853,
ccn2.xml,tadSyncid10id5.xml,5782,
ccn2.xml,tadSyncid11id0.xml,2984,
ccn2.xml,tadSyncid11id1.xml,2719,
ccn2.xml,tadSyncid10id9.xml,4782,
ccn2.xml,tadSyncid11id12.xml,2531,
ccn2.xml,tadSyncid11id13.xml,2563,
ccn2.xml,tadSyncid11id2.xml,2484,
ccn2.xml,tadSyncid11id3.xml,2241,
ccn2.xml,tadSyncid11id4.xml,1876,
ccn2.xml,tadSyncid11id5.xml,2361,
ccn2.xml,tadSyncid11id7.xml,2517,
ccn2.xml,tadSyncid11id6.xml,3126,
ccn2.xml,tadSyncid11id8.xml,2454,
ccn2.xml,tadSyncid11id11.xml,8924,
ccn2.xml,tadSyncid11id9.xml,3219,
ccn2.xml,tadSyncid12id0.xml,2124,
ccn2.xml,tadSyncid12id1.xml,2265,
ccn2.xml,tadSyncid12id13.xml,2922,
ccn2.xml,tadSyncid12id12.xml,3689,
ccn2.xml,tadSyncid12id2.xml,3548,
ccn2.xml,tadSyncid12id3.xml,3908,
ccn2.xml,tadSyncid10id7.xml,17803,
ccn2.xml,tadSyncid12id6.xml,2411,
ccn2.xml,tadSyncid12id4.xml,4302,
ccn2.xml,tadSyncid12id5.xml,4380,
ccn2.xml,tadSyncid10id10.xml,30765,
ccn2.xml,tadSyncid12id8.xml,3349,
ccn2.xml,tadSyncid12id10.xml,11257,
ccn2.xml,tadSyncid12id9.xml,4922,
ccn2.xml,tadSyncid13id0.xml,4751,
ccn2.xml,tadSyncid13id11.xml,4970,
ccn2.xml,tadSyncid13id3.xml,3688,
ccn2.xml,tadSyncid13id2.xml,4028,
ccn2.xml,tadSyncid13id1.xml,8111,
ccn2.xml,tadSyncid12id7.xml,13054,
ccn2.xml,tadSyncid13id4.xml,4657,
ccn2.xml,tadSyncid13id6.xml,4211,
ccn2.xml,tadSyncid1id0.xml,2977,
ccn2.xml,tadSyncid13id8.xml,4821,
ccn2.xml,tadSyncid13id7.xml,6962,
ccn2.xml,tadSyncid1id1.xml,2736,
ccn2.xml,tadSyncid1id10.xml,2299,
ccn2.xml,tadSyncid1id12.xml,1814,
ccn2.xml,tadSyncid1id11.xml,2438,
ccn2.xml,tadSyncid1id2.xml,2297,
ccn2.xml,tadSyncid1id3.xml,2204,
ccn2.xml,tadSyncid1id4.xml,2734,
ccn2.xml,tadSyncid1id7.xml,2203,
ccn2.xml,tadSyncid1id5.xml,2594,
ccn2.xml,tadSyncid1id6.xml,2734,
ccn2.xml,tadSyncid1id8.xml,2031,
ccn2.xml,tadSyncid1id9.xml,3075,
ccn2.xml,tadSyncid2id0.xml,3045,
ccn2.xml,tadSyncid2id1.xml,2803,
ccn2.xml,tadSyncid2id10.xml,2748,
ccn2.xml,tadSyncid2id12.xml,2046,
ccn2.xml,tadSyncid2id11.xml,2238,
ccn2.xml,tadSyncid2id13.xml,2285,
ccn2.xml,tadSyncid2id3.xml,2599,
ccn2.xml,tadSyncid2id2.xml,2847,
ccn2.xml,tadSyncid2id4.xml,2707,
ccn2.xml,tadSyncid2id6.xml,2887,
ccn2.xml,tadSyncid2id8.xml,2105,
ccn2.xml,tadSyncid2id7.xml,2144,
ccn2.xml,tadSyncid3id0.xml,2137,
ccn2.xml,tadSyncid2id9.xml,3127,
ccn2.xml,tadSyncid3id10.xml,2239,
ccn2.xml,tadSyncid3id1.xml,2894,
ccn2.xml,tadSyncid3id11.xml,2513,
ccn2.xml,tadSyncid3id12.xml,2491,
ccn2.xml,tadSyncid3id5.xml,1969,
ccn2.xml,tadSyncid3id13.xml,3173,
ccn2.xml,tadSyncid3id4.xml,2798,
ccn2.xml,tadSyncid3id3.xml,3001,
ccn2.xml,tadSyncid3id9.xml,1969,
ccn2.xml,tadSyncid3id7.xml,2219,
ccn2.xml,tadSyncid3id6.xml,2345,
ccn2.xml,tadSyncid3id8.xml,3163,
ccn2.xml,tadSyncid4id0.xml,2022,
ccn2.xml,tadSyncid4id1.xml,2576,
ccn2.xml,tadSyncid4id10.xml,3183,
ccn2.xml,tadSyncid4id11.xml,3085,
ccn2.xml,tadSyncid4id12.xml,2474,
ccn2.xml,tadSyncid4id13.xml,2729,
ccn2.xml,tadSyncid4id2.xml,3261,
ccn2.xml,tadSyncid4id3.xml,2755,
ccn2.xml,tadSyncid4id6.xml,2431,
ccn2.xml,tadSyncid4id4.xml,3703,
ccn2.xml,tadSyncid4id8.xml,2420,
ccn1.xml,tadSyncid13id13.xml,157709,
ccn2.xml,tadSyncid4id7.xml,4152,
ccn2.xml,tadSyncid4id9.xml,2595,
ccn2.xml,tadSyncid5id11.xml,2204,
ccn2.xml,tadSyncid5id10.xml,2907,
ccn2.xml,tadSyncid5id3.xml,1953,
ccn2.xml,tadSyncid5id13.xml,2156,
ccn2.xml,tadSyncid5id4.xml,2719,
ccn2.xml,tadSyncid5id12.xml,3062,
ccn2.xml,tadSyncid5id2.xml,3061,
ccn2.xml,tadSyncid5id8.xml,2120,
ccn2.xml,tadSyncid5id6.xml,3119,
ccn2.xml,tadSyncid5id7.xml,2668,
ccn2.xml,tadSyncid6id1.xml,1798,
ccn2.xml,tadSyncid6id0.xml,2219,
ccn2.xml,tadSyncid5id9.xml,4731,
ccn2.xml,tadSyncid5id5.xml,5980,
ccn2.xml,tadSyncid6id10.xml,2766,
ccn2.xml,tadSyncid6id12.xml,2360,
ccn2.xml,tadSyncid6id13.xml,2423,
ccn2.xml,tadSyncid6id11.xml,3220,
ccn2.xml,tadSyncid6id2.xml,2642,
ccn2.xml,tadSyncid6id3.xml,3220,
ccn2.xml,tadSyncid6id5.xml,2720,
ccn2.xml,tadSyncid6id4.xml,3033,
ccn2.xml,tadSyncid6id8.xml,3423,
ccn2.xml,tadSyncid6id9.xml,3172,
ccn2.xml,tadSyncid7id0.xml,2204,
ccn2.xml,tadSyncid7id1.xml,2469,
ccn2.xml,tadSyncid7id10.xml,2203,
ccn2.xml,tadSyncid7id11.xml,2422,
ccn2.xml,tadSyncid7id12.xml,2094,
ccn2.xml,tadSyncid7id13.xml,2656,
ccn2.xml,tadSyncid7id2.xml,2766,
ccn1.xml,tadSyncid9id9.xml,126231,
ccn2.xml,tadSyncid7id5.xml,2422,
ccn2.xml,tadSyncid7id6.xml,3688,
ccn2.xml,tadSyncid7id9.xml,2422,
ccn2.xml,tadSyncid8id0.xml,2720,
ccn2.xml,tadSyncid7id8.xml,3782,
ccn2.xml,tadSyncid8id1.xml,2625,
ccn2.xml,tadSyncid8id10.xml,2469,
ccn2.xml,tadSyncid8id11.xml,2250,
ccn2.xml,tadSyncid8id12.xml,2500,
ccn2.xml,tadSyncid8id13.xml,2235,
ccn2.xml,tadSyncid8id2.xml,2626,
ccn2.xml,tadSyncid8id3.xml,2953,
ccn2.xml,tadSyncid8id4.xml,2781,
ccn2.xml,tadSyncid8id5.xml,2782,
ccn2.xml,tadSyncid6id6.xml,19316,
ccn2.xml,tadSyncid8id6.xml,2876,
ccn2.xml,tadSyncid8id9.xml,2720,
ccn2.xml,tadSyncid8id8.xml,5627,
ccn2.xml,tadSyncid9id12.xml,3441,
ccn2.xml,tadSyncid9id11.xml,4676,
ccn2.xml,tadSyncid9id13.xml,5891,
ccn2.xml,tadSyncid9id2.xml,4844,
ccn2.xml,tadSyncid9id3.xml,4657,
ccn2.xml,tadSyncid7id7.xml,25804,
ccn2.xml,tadSyncid9id4.xml,4638,
ccn2.xml,tadSyncid9id7.xml,11819,
ccn2.xml,tadSyncid13id13.xml,138598,
ccn3.xml,ccn4.xml,2970,
ccn3.xml,ccn5.xml,25373,
ccn3.xml,ccn6.xml,2048,
ccn3.xml,ccn7.xml,27058,
ccn3.xml,ccn8.xml,1907,
ccn2.xml,tadSyncid9id9.xml,94304,
ccn3.xml,cxl1.xml,2234,
ccn3.xml,cxl2.xml,2047,
ccn3.xml,cxl3.xml,2563,
ccn3.xml,cxl4.xml,2220,
ccn3.xml,cxs1.xml,3064,
ccn3.xml,cxs2.xml,2970,
ccn3.xml,cxs4.xml,21506,
ccn3.xml,cxs3.xml,24883,
ccn3.xml,tadSyncid0id0.xml,2360,
ccn3.xml,tadSyncid0id1.xml,2221,
ccn3.xml,tadSyncid0id10.xml,2313,
ccn3.xml,tadSyncid0id11.xml,2283,
ccn3.xml,tadSyncid0id12.xml,2205,
ccn3.xml,tadSyncid0id3.xml,2173,
ccn3.xml,tadSyncid0id2.xml,2329,
ccn3.xml,tadSyncid0id4.xml,2203,
ccn3.xml,tadSyncid0id5.xml,2156,
ccn3.xml,tadSyncid0id6.xml,1938,
ccn3.xml,tadSyncid0id7.xml,1954,
ccn3.xml,tadSyncid0id9.xml,2017,
ccn3.xml,tadSyncid0id8.xml,2236,
ccn3.xml,tadSyncid10id0.xml,1996,
ccn3.xml,tadSyncid10id1.xml,2262,
ccn3.xml,tadSyncid10id11.xml,4753,
ccn3.xml,tadSyncid10id12.xml,2407,
ccn3.xml,tadSyncid10id13.xml,2799,
ccn3.xml,tadSyncid10id2.xml,3829,
ccn3.xml,tadSyncid10id3.xml,3799,
ccn3.xml,tadSyncid10id4.xml,4423,
ccn3.xml,tadSyncid10id10.xml,27057,
ccn3.xml,tadSyncid10id5.xml,5970,
ccn3.xml,tadSyncid10id9.xml,5753,
ccn3.xml,tadSyncid11id0.xml,2720,
ccn3.xml,tadSyncid11id1.xml,1876,
ccn3.xml,tadSyncid10id7.xml,16523,
ccn3.xml,tadSyncid11id12.xml,2360,
ccn3.xml,tadSyncid11id11.xml,7002,
ccn3.xml,tadSyncid11id13.xml,2047,
ccn3.xml,tadSyncid11id2.xml,2377,
ccn3.xml,tadSyncid11id3.xml,2626,
ccn3.xml,tadSyncid11id4.xml,2408,
ccn3.xml,tadSyncid11id5.xml,2360,
ccn3.xml,tadSyncid11id6.xml,3064,
ccn3.xml,tadSyncid11id7.xml,2641,
ccn3.xml,tadSyncid11id8.xml,3205,
ccn3.xml,tadSyncid11id9.xml,2908,
ccn3.xml,tadSyncid12id0.xml,2423,
ccn3.xml,tadSyncid12id1.xml,2447,
ccn3.xml,tadSyncid12id12.xml,3345,
ccn3.xml,tadSyncid12id13.xml,3112,
ccn3.xml,tadSyncid12id10.xml,10020,
ccn3.xml,tadSyncid12id2.xml,4454,
ccn3.xml,tadSyncid12id3.xml,5831,
ccn3.xml,tadSyncid12id4.xml,5394,
ccn3.xml,tadSyncid12id6.xml,2312,
ccn3.xml,tadSyncid12id5.xml,4672,
ccn3.xml,tadSyncid12id8.xml,2908,
ccn3.xml,tadSyncid12id9.xml,5097,
ccn3.xml,tadSyncid12id7.xml,10381,
ccn3.xml,tadSyncid13id0.xml,4033,
ccn3.xml,tadSyncid13id1.xml,8535,
ccn3.xml,tadSyncid13id11.xml,5266,
ccn1.xml,tadSyncid9id0.xml,479533,
ccn3.xml,tadSyncid13id2.xml,4908,
ccn3.xml,tadSyncid13id3.xml,4643,
ccn3.xml,tadSyncid13id4.xml,3392,
ccn3.xml,tadSyncid13id13.xml,116265,
ccn3.xml,tadSyncid13id6.xml,6518,
ccn3.xml,tadSyncid13id7.xml,5346,
ccn3.xml,tadSyncid13id8.xml,3766,
ccn2.xml,tadSyncid9id0.xml,407703,
ccn3.xml,tadSyncid1id0.xml,3188,
ccn3.xml,tadSyncid1id1.xml,3468,
ccn3.xml,tadSyncid1id10.xml,2438,
ccn3.xml,tadSyncid1id11.xml,2219,
ccn3.xml,tadSyncid1id12.xml,2251,
ccn3.xml,tadSyncid1id3.xml,2282,
ccn3.xml,tadSyncid1id2.xml,2422,
ccn3.xml,tadSyncid1id5.xml,2672,
ccn3.xml,tadSyncid1id4.xml,2687,
ccn3.xml,tadSyncid1id6.xml,2078,
ccn3.xml,tadSyncid1id7.xml,2875,
ccn3.xml,tadSyncid1id8.xml,2329,
ccn3.xml,tadSyncid1id9.xml,2375,
ccn3.xml,tadSyncid2id0.xml,2531,
ccn3.xml,tadSyncid2id1.xml,2094,
ccn3.xml,tadSyncid2id10.xml,3523,
ccn3.xml,tadSyncid2id11.xml,3084,
ccn3.xml,tadSyncid2id13.xml,1719,
ccn3.xml,tadSyncid2id12.xml,1907,
ccn3.xml,tadSyncid2id2.xml,1907,
ccn3.xml,tadSyncid2id3.xml,2548,
ccn3.xml,tadSyncid2id4.xml,3033,
ccn3.xml,tadSyncid2id6.xml,3018,
ccn3.xml,tadSyncid2id7.xml,2594,
ccn3.xml,tadSyncid2id8.xml,2125,
ccn3.xml,tadSyncid2id9.xml,1751,
ccn3.xml,tadSyncid3id0.xml,2595,
ccn3.xml,tadSyncid3id1.xml,2078,
ccn3.xml,tadSyncid3id10.xml,2093,
ccn3.xml,tadSyncid3id11.xml,1954,
ccn3.xml,tadSyncid3id12.xml,3425,
ccn3.xml,tadSyncid3id13.xml,2736,
ccn3.xml,tadSyncid3id3.xml,2359,
ccn3.xml,tadSyncid3id4.xml,2219,
ccn3.xml,tadSyncid3id6.xml,2360,
ccn3.xml,tadSyncid3id5.xml,3533,
ccn3.xml,tadSyncid3id7.xml,2548,
ccn3.xml,tadSyncid3id8.xml,3168,
ccn3.xml,tadSyncid3id9.xml,2720,
ccn3.xml,tadSyncid4id0.xml,1877,
ccn3.xml,tadSyncid4id1.xml,2094,
ccn3.xml,tadSyncid4id10.xml,1890,
ccn3.xml,tadSyncid4id11.xml,2188,
ccn3.xml,tadSyncid4id12.xml,2360,
ccn3.xml,tadSyncid4id13.xml,2313,
ccn3.xml,tadSyncid4id2.xml,2204,
ccn3.xml,tadSyncid4id3.xml,2094,
ccn3.xml,tadSyncid4id4.xml,3767,
ccn3.xml,tadSyncid4id6.xml,2673,
ccn3.xml,tadSyncid4id7.xml,2313,
ccn3.xml,tadSyncid4id8.xml,3017,
ccn3.xml,tadSyncid4id9.xml,2377,
ccn3.xml,tadSyncid5id10.xml,2314,
ccn3.xml,tadSyncid5id11.xml,2913,
ccn3.xml,tadSyncid5id12.xml,3314,
ccn3.xml,tadSyncid5id13.xml,2096,
ccn3.xml,tadSyncid5id3.xml,2438,
ccn3.xml,tadSyncid5id2.xml,2610,
ccn3.xml,tadSyncid5id4.xml,3173,
ccn3.xml,tadSyncid5id5.xml,5003,
ccn3.xml,tadSyncid5id6.xml,2252,
ccn3.xml,tadSyncid5id8.xml,1813,
ccn3.xml,tadSyncid5id7.xml,2876,
ccn3.xml,tadSyncid6id0.xml,2079,
ccn3.xml,tadSyncid5id9.xml,2876,
ccn3.xml,tadSyncid6id1.xml,2298,
ccn3.xml,tadSyncid6id10.xml,2924,
ccn3.xml,tadSyncid6id11.xml,3345,
ccn3.xml,tadSyncid6id12.xml,2845,
ccn1.xml,tadSyncid9id1.xml,642899,
ccn3.xml,tadSyncid6id2.xml,2376,
ccn3.xml,tadSyncid6id13.xml,3021,
ccn3.xml,tadSyncid6id3.xml,3096,
ccn3.xml,tadSyncid6id4.xml,2469,
ccn3.xml,tadSyncid6id5.xml,4313,
ccn3.xml,tadSyncid6id8.xml,2720,
ccn3.xml,tadSyncid6id9.xml,2768,
ccn3.xml,tadSyncid7id0.xml,2627,
ccn3.xml,tadSyncid7id1.xml,2000,
ccn3.xml,tadSyncid7id10.xml,2750,
ccn3.xml,tadSyncid7id11.xml,2578,
ccn3.xml,tadSyncid7id12.xml,2250,
ccn3.xml,tadSyncid7id13.xml,2797,
ccn3.xml,tadSyncid7id2.xml,2876,
ccn3.xml,tadSyncid7id5.xml,2423,
ccn3.xml,tadSyncid6id6.xml,17881,
ccn3.xml,tadSyncid7id6.xml,2929,
ccn3.xml,tadSyncid7id8.xml,2549,
ccn3.xml,tadSyncid7id9.xml,3096,
ccn3.xml,tadSyncid8id0.xml,2376,
ccn3.xml,tadSyncid8id1.xml,2078,
ccn2.xml,tadSyncid9id1.xml,529576,
ccn3.xml,tadSyncid8id11.xml,4141,
ccn3.xml,tadSyncid8id10.xml,4438,
ccn3.xml,tadSyncid8id12.xml,2985,
ccn3.xml,tadSyncid8id13.xml,2266,
ccn3.xml,tadSyncid8id2.xml,2845,
ccn3.xml,tadSyncid8id4.xml,2375,
ccn3.xml,tadSyncid8id5.xml,2237,
ccn3.xml,tadSyncid8id3.xml,3907,
ccn3.xml,tadSyncid8id6.xml,2959,
ccn3.xml,tadSyncid8id9.xml,3658,
ccn3.xml,tadSyncid7id7.xml,23166,
ccn3.xml,tadSyncid8id8.xml,6520,
ccn3.xml,tadSyncid9id12.xml,5363,
ccn3.xml,tadSyncid9id11.xml,8035,
ccn3.xml,tadSyncid9id13.xml,6001,
ccn3.xml,tadSyncid9id2.xml,6017,
ccn3.xml,tadSyncid9id3.xml,4408,
ccn3.xml,tadSyncid9id4.xml,6002,
ccn3.xml,tadSyncid9id0.xml,484219,
ccn3.xml,tadSyncid9id7.xml,14098,
ccn3.xml,tadSyncid9id1.xml,717872,
ccn3.xml,tadSyncid9id9.xml,93025,
ccn4.xml,ccn5.xml,32239,
ccn4.xml,ccn6.xml,2156,
ccn4.xml,ccn7.xml,26426,
ccn4.xml,ccn8.xml,3219,
ccn4.xml,cxl1.xml,3484,
ccn4.xml,cxl2.xml,2016,
ccn4.xml,cxl3.xml,2093,
ccn4.xml,cxl4.xml,3564,
ccn4.xml,cxs1.xml,4687,
ccn4.xml,cxs2.xml,2219,
ccn4.xml,cxs3.xml,27629,
ccn4.xml,cxs4.xml,26663,
ccn4.xml,tadSyncid0id0.xml,4578,
ccn4.xml,tadSyncid0id1.xml,2172,
ccn4.xml,tadSyncid0id10.xml,2641,
ccn4.xml,tadSyncid0id11.xml,1767,
ccn4.xml,tadSyncid0id12.xml,2250,
ccn4.xml,tadSyncid0id2.xml,2813,
ccn4.xml,tadSyncid0id3.xml,2922,
ccn4.xml,tadSyncid0id4.xml,2799,
ccn4.xml,tadSyncid0id5.xml,2438,
ccn4.xml,tadSyncid0id6.xml,2812,
ccn4.xml,tadSyncid0id7.xml,2000,
ccn4.xml,tadSyncid0id8.xml,2328,
ccn4.xml,tadSyncid0id9.xml,2000,
ccn4.xml,tadSyncid10id0.xml,2344,
ccn4.xml,tadSyncid10id1.xml,1844,
ccn4.xml,tadSyncid10id10.xml,25736,
ccn4.xml,tadSyncid10id11.xml,5175,
ccn4.xml,tadSyncid10id12.xml,2844,
ccn4.xml,tadSyncid10id13.xml,2641,
ccn4.xml,tadSyncid10id2.xml,4297,
ccn4.xml,tadSyncid10id3.xml,4297,
ccn4.xml,tadSyncid10id4.xml,3830,
ccn4.xml,tadSyncid10id5.xml,9547,
ccn4.xml,tadSyncid10id7.xml,17220,
ccn4.xml,tadSyncid10id9.xml,6424,
ccn4.xml,tadSyncid11id0.xml,2656,
ccn4.xml,tadSyncid11id1.xml,2015,
ccn4.xml,tadSyncid11id11.xml,10017,
ccn4.xml,tadSyncid11id12.xml,2313,
ccn4.xml,tadSyncid11id13.xml,1876,
ccn4.xml,tadSyncid11id2.xml,2407,
ccn4.xml,tadSyncid11id3.xml,1954,
ccn4.xml,tadSyncid11id4.xml,4031,
ccn4.xml,tadSyncid11id5.xml,2345,
ccn4.xml,tadSyncid11id6.xml,3031,
ccn4.xml,tadSyncid11id7.xml,3000,
ccn4.xml,tadSyncid11id8.xml,2937,
ccn4.xml,tadSyncid11id9.xml,3893,
ccn4.xml,tadSyncid12id0.xml,2954,
ccn4.xml,tadSyncid12id1.xml,2329,
ccn4.xml,tadSyncid12id10.xml,9594,
ccn4.xml,tadSyncid12id12.xml,4814,
ccn4.xml,tadSyncid12id13.xml,3109,
ccn4.xml,tadSyncid12id2.xml,5078,
ccn4.xml,tadSyncid12id3.xml,3798,
ccn4.xml,tadSyncid12id4.xml,4609,
ccn4.xml,tadSyncid12id5.xml,3984,
ccn4.xml,tadSyncid12id6.xml,2281,
ccn4.xml,tadSyncid12id7.xml,11172,
ccn4.xml,tadSyncid12id8.xml,3484,
ccn4.xml,tadSyncid12id9.xml,4406,
ccn4.xml,tadSyncid13id0.xml,4312,
ccn4.xml,tadSyncid13id1.xml,7500,
ccn2.xml,tadSyncid9id8.xml,57089145,
ccn4.xml,tadSyncid13id11.xml,15797,
ccn4.xml,tadSyncid13id13.xml,114889,
ccn4.xml,tadSyncid13id2.xml,5330,
ccn4.xml,tadSyncid13id3.xml,4766,
ccn4.xml,tadSyncid13id4.xml,5377,
ccn3.xml,tadSyncid9id6.xml,61754068,
ccn4.xml,tadSyncid13id6.xml,5141,
ccn4.xml,tadSyncid13id7.xml,6345,
ccn4.xml,tadSyncid13id8.xml,4562,
ccn4.xml,tadSyncid1id0.xml,2423,
ccn4.xml,tadSyncid1id1.xml,2562,
ccn4.xml,tadSyncid1id10.xml,3601,
ccn4.xml,tadSyncid1id11.xml,2063,
ccn4.xml,tadSyncid1id12.xml,2094,
ccn4.xml,tadSyncid1id2.xml,3109,
ccn4.xml,tadSyncid1id3.xml,1875,
ccn4.xml,tadSyncid1id4.xml,1812,
ccn4.xml,tadSyncid1id5.xml,2794,
ccn4.xml,tadSyncid1id6.xml,1719,
ccn4.xml,tadSyncid1id7.xml,3688,
ccn4.xml,tadSyncid1id8.xml,1797,
ccn4.xml,tadSyncid1id9.xml,2031,
ccn4.xml,tadSyncid2id0.xml,2047,
ccn4.xml,tadSyncid2id1.xml,2125,
ccn4.xml,tadSyncid2id10.xml,3438,
ccn4.xml,tadSyncid2id11.xml,1813,
ccn4.xml,tadSyncid2id12.xml,2234,
ccn4.xml,tadSyncid2id13.xml,2188,
ccn4.xml,tadSyncid2id2.xml,3031,
ccn4.xml,tadSyncid2id3.xml,2937,
ccn4.xml,tadSyncid2id4.xml,1921,
ccn4.xml,tadSyncid2id6.xml,2312,
ccn4.xml,tadSyncid2id7.xml,2985,
ccn4.xml,tadSyncid2id8.xml,1922,
ccn4.xml,tadSyncid2id9.xml,2516,
ccn4.xml,tadSyncid3id0.xml,1922,
ccn4.xml,tadSyncid3id1.xml,3078,
ccn4.xml,tadSyncid3id10.xml,2360,
ccn4.xml,tadSyncid3id11.xml,1891,
ccn4.xml,tadSyncid3id12.xml,2015,
ccn4.xml,tadSyncid3id13.xml,2438,
ccn4.xml,tadSyncid3id3.xml,2000,
ccn4.xml,tadSyncid3id4.xml,3111,
ccn4.xml,tadSyncid3id5.xml,2265,
ccn4.xml,tadSyncid3id6.xml,2484,
ccn4.xml,tadSyncid3id7.xml,2361,
ccn4.xml,tadSyncid3id8.xml,2828,
ccn4.xml,tadSyncid3id9.xml,2797,
ccn4.xml,tadSyncid4id0.xml,3281,
ccn4.xml,tadSyncid4id1.xml,2486,
ccn4.xml,tadSyncid4id10.xml,2313,
ccn4.xml,tadSyncid4id11.xml,1703,
ccn4.xml,tadSyncid4id12.xml,1797,
ccn4.xml,tadSyncid4id13.xml,1750,
ccn4.xml,tadSyncid4id2.xml,2142,
ccn4.xml,tadSyncid4id3.xml,2672,
ccn4.xml,tadSyncid4id4.xml,4047,
ccn4.xml,tadSyncid4id6.xml,2156,
ccn4.xml,tadSyncid4id7.xml,3360,
ccn4.xml,tadSyncid4id8.xml,2408,
ccn4.xml,tadSyncid4id9.xml,2640,
ccn4.xml,tadSyncid5id10.xml,2203,
ccn4.xml,tadSyncid5id11.xml,2985,
ccn4.xml,tadSyncid5id12.xml,1969,
ccn4.xml,tadSyncid5id13.xml,1938,
ccn4.xml,tadSyncid5id2.xml,2846,
ccn4.xml,tadSyncid5id3.xml,1921,
ccn4.xml,tadSyncid5id4.xml,3703,
ccn4.xml,tadSyncid5id5.xml,5064,
ccn4.xml,tadSyncid5id6.xml,1844,
ccn4.xml,tadSyncid5id7.xml,3454,
ccn4.xml,tadSyncid5id8.xml,2298,
ccn4.xml,tadSyncid5id9.xml,2797,
ccn4.xml,tadSyncid6id0.xml,2594,
ccn4.xml,tadSyncid6id1.xml,2109,
ccn4.xml,tadSyncid6id10.xml,2875,
ccn4.xml,tadSyncid6id11.xml,2438,
ccn4.xml,tadSyncid6id12.xml,2391,
ccn4.xml,tadSyncid6id13.xml,2578,
ccn4.xml,tadSyncid6id2.xml,2845,
ccn4.xml,tadSyncid6id3.xml,1938,
ccn4.xml,tadSyncid6id4.xml,2125,
ccn4.xml,tadSyncid6id5.xml,2328,
ccn4.xml,tadSyncid6id6.xml,14001,
ccn4.xml,tadSyncid6id8.xml,5250,
ccn4.xml,tadSyncid6id9.xml,1845,
ccn4.xml,tadSyncid7id0.xml,1735,
ccn4.xml,tadSyncid7id1.xml,1703,
ccn4.xml,tadSyncid7id10.xml,3656,
ccn4.xml,tadSyncid7id11.xml,1844,
ccn4.xml,tadSyncid7id12.xml,2094,
ccn4.xml,tadSyncid7id13.xml,2500,
ccn4.xml,tadSyncid7id2.xml,2189,
ccn4.xml,tadSyncid7id5.xml,3422,
ccn4.xml,tadSyncid7id6.xml,2485,
ccn4.xml,tadSyncid7id7.xml,20253,
ccn4.xml,tadSyncid7id8.xml,3781,
ccn4.xml,tadSyncid7id9.xml,1828,
ccn4.xml,tadSyncid8id0.xml,1533,
ccn4.xml,tadSyncid8id1.xml,1703,
ccn4.xml,tadSyncid8id10.xml,2921,
ccn4.xml,tadSyncid8id11.xml,3172,
ccn4.xml,tadSyncid8id12.xml,2408,
ccn4.xml,tadSyncid8id13.xml,2031,
ccn4.xml,tadSyncid8id2.xml,2454,
ccn4.xml,tadSyncid8id3.xml,2547,
ccn4.xml,tadSyncid8id4.xml,1953,
ccn4.xml,tadSyncid8id5.xml,2266,
ccn4.xml,tadSyncid8id6.xml,2328,
ccn4.xml,tadSyncid8id8.xml,5516,
ccn4.xml,tadSyncid8id9.xml,2219,
ccn1.xml,tadSyncid9id6.xml,62886005,
ccn4.xml,tadSyncid9id0.xml,421927,
ccn4.xml,tadSyncid9id11.xml,5469,
ccn4.xml,tadSyncid9id12.xml,2687,
ccn4.xml,tadSyncid9id13.xml,5080,
ccn4.xml,tadSyncid9id2.xml,4750,
ccn4.xml,tadSyncid9id3.xml,5001,
ccn4.xml,tadSyncid9id4.xml,4172,
ccn2.xml,tadSyncid9id6.xml,63147189,
ccn4.xml,tadSyncid9id1.xml,534134,
ccn4.xml,tadSyncid9id7.xml,14097,
ccn3.xml,tadSyncid9id8.xml,63141975,
ccn4.xml,tadSyncid9id9.xml,94246,
ccn5.xml,ccn6.xml,31550,
ccn5.xml,ccn7.xml,59024,
ccn5.xml,ccn8.xml,30769,
ccn5.xml,cxl1.xml,29189,
ccn5.xml,cxl2.xml,29474,
ccn5.xml,cxl3.xml,27159,
ccn5.xml,cxl4.xml,28847,
ccn5.xml,cxs1.xml,27097,
ccn5.xml,cxs2.xml,28016,
ccn5.xml,cxs3.xml,55947,
ccn5.xml,cxs4.xml,52380,
ccn5.xml,tadSyncid0id0.xml,30363,
ccn5.xml,tadSyncid0id1.xml,33628,
ccn5.xml,tadSyncid0id10.xml,30301,
ccn5.xml,tadSyncid0id11.xml,31144,
ccn5.xml,tadSyncid0id12.xml,31096,
ccn5.xml,tadSyncid0id2.xml,31376,
ccn5.xml,tadSyncid0id3.xml,31253,
ccn5.xml,tadSyncid0id4.xml,31552,
ccn5.xml,tadSyncid0id5.xml,32543,
ccn5.xml,tadSyncid0id6.xml,31738,
ccn5.xml,tadSyncid0id7.xml,30910,
ccn5.xml,tadSyncid0id8.xml,29684,
ccn5.xml,tadSyncid0id9.xml,30300,
ccn5.xml,tadSyncid10id0.xml,29613,
ccn5.xml,tadSyncid10id1.xml,28661,
ccn5.xml,tadSyncid10id10.xml,56303,
ccn5.xml,tadSyncid10id11.xml,35739,
ccn5.xml,tadSyncid10id12.xml,29754,
ccn5.xml,tadSyncid10id13.xml,29222,
ccn5.xml,tadSyncid10id2.xml,31378,
ccn5.xml,tadSyncid10id3.xml,30489,
ccn5.xml,tadSyncid10id4.xml,32613,
ccn5.xml,tadSyncid10id5.xml,33598,
ccn5.xml,tadSyncid10id7.xml,42100,
ccn5.xml,tadSyncid10id9.xml,32069,
ccn5.xml,tadSyncid11id0.xml,30301,
ccn5.xml,tadSyncid11id1.xml,29361,
ccn5.xml,tadSyncid11id11.xml,35911,
ccn5.xml,tadSyncid11id12.xml,32424,
ccn5.xml,tadSyncid11id13.xml,27613,
ccn5.xml,tadSyncid11id2.xml,28958,
ccn5.xml,tadSyncid11id3.xml,28035,
ccn5.xml,tadSyncid11id4.xml,28564,
ccn5.xml,tadSyncid11id5.xml,29003,
ccn5.xml,tadSyncid11id6.xml,27880,
ccn5.xml,tadSyncid11id7.xml,30675,
ccn5.xml,tadSyncid11id8.xml,27644,
ccn5.xml,tadSyncid11id9.xml,29847,
ccn5.xml,tadSyncid12id0.xml,28926,
ccn5.xml,tadSyncid12id1.xml,28593,
ccn5.xml,tadSyncid12id10.xml,36506,
ccn5.xml,tadSyncid12id12.xml,30266,
ccn5.xml,tadSyncid12id13.xml,28848,
ccn5.xml,tadSyncid12id2.xml,32332,
ccn5.xml,tadSyncid12id3.xml,29300,
ccn5.xml,tadSyncid12id4.xml,30409,
ccn5.xml,tadSyncid12id5.xml,28692,
ccn5.xml,tadSyncid12id6.xml,31318,
ccn5.xml,tadSyncid12id7.xml,38099,
ccn5.xml,tadSyncid12id8.xml,29208,
ccn5.xml,tadSyncid12id9.xml,32005,
ccn5.xml,tadSyncid13id0.xml,30193,
ccn5.xml,tadSyncid13id1.xml,34286,
ccn1.xml,tadSyncid9id8.xml,66581571,
ccn5.xml,tadSyncid13id11.xml,30707,
ccn5.xml,tadSyncid13id13.xml,144299,
ccn5.xml,tadSyncid13id2.xml,35237,
ccn5.xml,tadSyncid13id3.xml,30849,
ccn5.xml,tadSyncid13id4.xml,29661,
ccn1.xml,tadSyncid13id10.xml,86262347,
ccn5.xml,tadSyncid13id6.xml,34940,
ccn5.xml,tadSyncid13id7.xml,29839,
ccn5.xml,tadSyncid13id8.xml,29177,
ccn5.xml,tadSyncid1id0.xml,30866,
ccn5.xml,tadSyncid1id1.xml,27708,
ccn5.xml,tadSyncid1id10.xml,26941,
ccn5.xml,tadSyncid1id11.xml,27846,
ccn5.xml,tadSyncid1id12.xml,27705,
ccn5.xml,tadSyncid1id2.xml,26723,
ccn5.xml,tadSyncid1id3.xml,31050,
ccn5.xml,tadSyncid1id4.xml,31584,
ccn5.xml,tadSyncid1id5.xml,25283,
ccn5.xml,tadSyncid1id6.xml,32958,
ccn5.xml,tadSyncid1id7.xml,26005,
ccn5.xml,tadSyncid1id8.xml,27124,
ccn5.xml,tadSyncid1id9.xml,29018,
ccn5.xml,tadSyncid2id0.xml,30033,
ccn5.xml,tadSyncid2id1.xml,30459,
ccn5.xml,tadSyncid2id10.xml,27380,
ccn5.xml,tadSyncid2id11.xml,30304,
ccn5.xml,tadSyncid2id12.xml,27142,
ccn5.xml,tadSyncid2id13.xml,26582,
ccn4.xml,tadSyncid13id10.xml,85002600,
ccn5.xml,tadSyncid2id2.xml,22581,
ccn5.xml,tadSyncid2id3.xml,24566,
ccn5.xml,tadSyncid2id4.xml,25957,
ccn5.xml,tadSyncid2id6.xml,26114,
ccn5.xml,tadSyncid2id7.xml,25430,
ccn5.xml,tadSyncid2id8.xml,28771,
ccn5.xml,tadSyncid2id9.xml,29484,
ccn5.xml,tadSyncid3id0.xml,25480,
ccn5.xml,tadSyncid3id1.xml,25309,
ccn5.xml,tadSyncid3id10.xml,28394,
ccn5.xml,tadSyncid3id11.xml,28126,
ccn5.xml,tadSyncid3id12.xml,25705,
ccn5.xml,tadSyncid3id13.xml,30083,
ccn5.xml,tadSyncid3id3.xml,29739,
ccn5.xml,tadSyncid3id4.xml,25284,
ccn5.xml,tadSyncid3id5.xml,28620,
ccn5.xml,tadSyncid3id6.xml,26369,
ccn5.xml,tadSyncid3id7.xml,30018,
ccn5.xml,tadSyncid3id8.xml,27440,
ccn5.xml,tadSyncid3id9.xml,29677,
ccn5.xml,tadSyncid4id0.xml,29271,
ccn5.xml,tadSyncid4id1.xml,28610,
ccn5.xml,tadSyncid4id10.xml,27814,
ccn5.xml,tadSyncid4id11.xml,28331,
ccn5.xml,tadSyncid4id12.xml,29348,
ccn5.xml,tadSyncid4id13.xml,25583,
ccn5.xml,tadSyncid4id2.xml,27143,
ccn5.xml,tadSyncid4id3.xml,29282,
ccn5.xml,tadSyncid4id4.xml,27970,
ccn5.xml,tadSyncid4id6.xml,27930,
ccn5.xml,tadSyncid4id7.xml,27635,
ccn5.xml,tadSyncid4id8.xml,25863,
ccn5.xml,tadSyncid4id9.xml,28861,
ccn5.xml,tadSyncid5id10.xml,29471,
ccn5.xml,tadSyncid5id11.xml,28286,
ccn5.xml,tadSyncid5id12.xml,25675,
ccn5.xml,tadSyncid5id13.xml,27564,
ccn5.xml,tadSyncid5id2.xml,27179,
ccn5.xml,tadSyncid5id3.xml,29101,
ccn5.xml,tadSyncid5id4.xml,30094,
ccn5.xml,tadSyncid5id5.xml,27907,
ccn5.xml,tadSyncid5id6.xml,29675,
ccn5.xml,tadSyncid5id7.xml,30082,
ccn5.xml,tadSyncid5id8.xml,27050,
ccn5.xml,tadSyncid5id9.xml,27002,
ccn5.xml,tadSyncid6id0.xml,29281,
ccn5.xml,tadSyncid6id1.xml,28502,
ccn5.xml,tadSyncid6id10.xml,24236,
ccn5.xml,tadSyncid6id11.xml,26579,
ccn5.xml,tadSyncid6id12.xml,28879,
ccn5.xml,tadSyncid6id13.xml,27488,
ccn5.xml,tadSyncid6id2.xml,26721,
ccn5.xml,tadSyncid6id3.xml,27503,
ccn5.xml,tadSyncid6id4.xml,30410,
ccn5.xml,tadSyncid6id5.xml,29785,
ccn5.xml,tadSyncid6id8.xml,32882,
ccn5.xml,tadSyncid6id6.xml,43087,
ccn5.xml,tadSyncid6id9.xml,29237,
ccn5.xml,tadSyncid7id0.xml,28800,
ccn5.xml,tadSyncid7id1.xml,26487,
ccn5.xml,tadSyncid7id10.xml,29409,
ccn5.xml,tadSyncid7id11.xml,29033,
ccn5.xml,tadSyncid7id12.xml,27847,
ccn5.xml,tadSyncid7id13.xml,29206,
ccn5.xml,tadSyncid7id2.xml,29048,
ccn5.xml,tadSyncid7id5.xml,28334,
ccn5.xml,tadSyncid7id6.xml,27646,
ccn5.xml,tadSyncid7id8.xml,27769,
ccn5.xml,tadSyncid7id7.xml,47441,
ccn5.xml,tadSyncid7id9.xml,31550,
ccn5.xml,tadSyncid8id0.xml,24285,
ccn5.xml,tadSyncid8id1.xml,26783,
ccn5.xml,tadSyncid8id10.xml,28032,
ccn5.xml,tadSyncid8id11.xml,30925,
ccn5.xml,tadSyncid8id12.xml,28050,
ccn5.xml,tadSyncid8id13.xml,25379,
ccn5.xml,tadSyncid8id2.xml,27849,
ccn5.xml,tadSyncid8id3.xml,29786,
ccn5.xml,tadSyncid8id4.xml,31349,
ccn5.xml,tadSyncid8id5.xml,27314,
ccn5.xml,tadSyncid8id6.xml,29800,
ccn5.xml,tadSyncid8id8.xml,33352,
ccn5.xml,tadSyncid8id9.xml,29649,
ccn5.xml,tadSyncid9id0.xml,487257,
ccn5.xml,tadSyncid9id11.xml,37708,
ccn5.xml,tadSyncid9id12.xml,37456,
ccn5.xml,tadSyncid9id13.xml,36238,
ccn5.xml,tadSyncid9id1.xml,628837,
ccn5.xml,tadSyncid9id2.xml,34427,
ccn5.xml,tadSyncid9id3.xml,36567,
ccn5.xml,tadSyncid9id4.xml,36583,
ccn3.xml,tadSyncid9id5.xml,88052947,
ccn5.xml,tadSyncid9id7.xml,37302,
ccn2.xml,tadSyncid9id5.xml,89033207,
ccn5.xml,tadSyncid9id9.xml,131267,
ccn6.xml,ccn7.xml,35177,
ccn6.xml,ccn8.xml,82839,
ccn6.xml,cxl1.xml,3485,
ccn6.xml,cxl2.xml,2547,
ccn6.xml,cxl3.xml,2690,
ccn6.xml,cxl4.xml,2875,
ccn6.xml,cxs1.xml,3328,
ccn6.xml,cxs2.xml,3439,
ccn6.xml,cxs3.xml,22704,
ccn6.xml,cxs4.xml,25724,
ccn6.xml,tadSyncid0id0.xml,3406,
ccn6.xml,tadSyncid0id1.xml,2234,
ccn6.xml,tadSyncid0id10.xml,2283,
ccn6.xml,tadSyncid0id11.xml,2625,
ccn6.xml,tadSyncid0id12.xml,2368,
ccn6.xml,tadSyncid0id2.xml,3461,
ccn6.xml,tadSyncid0id3.xml,2579,
ccn6.xml,tadSyncid0id4.xml,3313,
ccn6.xml,tadSyncid0id5.xml,4187,
ccn6.xml,tadSyncid0id6.xml,3095,
ccn6.xml,tadSyncid0id7.xml,3265,
ccn6.xml,tadSyncid0id8.xml,2985,
ccn6.xml,tadSyncid0id9.xml,2281,
ccn6.xml,tadSyncid10id0.xml,2845,
ccn6.xml,tadSyncid10id1.xml,2547,
ccn6.xml,tadSyncid10id10.xml,28345,
ccn6.xml,tadSyncid10id11.xml,6469,
ccn6.xml,tadSyncid10id12.xml,3702,
ccn6.xml,tadSyncid10id13.xml,2176,
ccn6.xml,tadSyncid10id2.xml,4906,
ccn6.xml,tadSyncid10id3.xml,4345,
ccn6.xml,tadSyncid10id4.xml,4606,
ccn6.xml,tadSyncid10id5.xml,6974,
ccn6.xml,tadSyncid10id7.xml,19298,
ccn6.xml,tadSyncid10id9.xml,7205,
ccn6.xml,tadSyncid11id0.xml,2656,
ccn6.xml,tadSyncid11id1.xml,2296,
ccn6.xml,tadSyncid11id11.xml,9064,
ccn6.xml,tadSyncid11id12.xml,2938,
ccn6.xml,tadSyncid11id13.xml,2344,
ccn6.xml,tadSyncid11id2.xml,2454,
ccn6.xml,tadSyncid11id3.xml,3782,
ccn6.xml,tadSyncid11id4.xml,2391,
ccn6.xml,tadSyncid11id5.xml,2609,
ccn6.xml,tadSyncid11id6.xml,3031,
ccn6.xml,tadSyncid11id7.xml,2627,
ccn6.xml,tadSyncid11id8.xml,2938,
ccn6.xml,tadSyncid11id9.xml,3672,
ccn6.xml,tadSyncid12id0.xml,2626,
ccn6.xml,tadSyncid12id1.xml,3360,
ccn6.xml,tadSyncid12id10.xml,9422,
ccn6.xml,tadSyncid12id12.xml,4627,
ccn6.xml,tadSyncid12id13.xml,2938,
ccn6.xml,tadSyncid12id2.xml,5111,
ccn6.xml,tadSyncid12id3.xml,4891,
ccn6.xml,tadSyncid12id4.xml,4518,
ccn6.xml,tadSyncid12id5.xml,3890,
ccn6.xml,tadSyncid12id6.xml,4078,
ccn6.xml,tadSyncid12id7.xml,12251,
ccn6.xml,tadSyncid12id8.xml,3171,
ccn6.xml,tadSyncid12id9.xml,5893,
ccn6.xml,tadSyncid13id0.xml,4422,
ccn6.xml,tadSyncid13id1.xml,8189,
ccn2.xml,tadSyncid13id10.xml,92293555,
ccn6.xml,tadSyncid13id11.xml,10359,
ccn6.xml,tadSyncid13id13.xml,364619,
ccn6.xml,tadSyncid13id2.xml,9939,
ccn6.xml,tadSyncid13id3.xml,10424,
ccn6.xml,tadSyncid13id4.xml,9503,
ccn1.xml,tadSyncid9id5.xml,94344402,
ccn6.xml,tadSyncid13id6.xml,11703,
ccn6.xml,tadSyncid13id7.xml,12345,
ccn6.xml,tadSyncid13id8.xml,10968,
ccn6.xml,tadSyncid1id0.xml,7549,
ccn6.xml,tadSyncid1id1.xml,8312,
ccn3.xml,tadSyncid13id10.xml,95186118,
ccn6.xml,tadSyncid1id11.xml,9017,
ccn6.xml,tadSyncid1id12.xml,8220,
ccn6.xml,tadSyncid1id2.xml,7518,
ccn6.xml,tadSyncid1id10.xml,1448771,
ccn6.xml,tadSyncid1id3.xml,248123,
ccn6.xml,tadSyncid1id4.xml,7971,
ccn6.xml,tadSyncid1id5.xml,9018,
ccn6.xml,tadSyncid1id6.xml,8330,
ccn6.xml,tadSyncid1id7.xml,7626,
ccn6.xml,tadSyncid1id8.xml,7580,
ccn6.xml,tadSyncid1id9.xml,8501,
ccn6.xml,tadSyncid2id0.xml,7892,
ccn6.xml,tadSyncid2id1.xml,7625,
ccn6.xml,tadSyncid2id10.xml,7517,
ccn6.xml,tadSyncid2id11.xml,488463,
ccn6.xml,tadSyncid2id12.xml,729312,
ccn6.xml,tadSyncid2id2.xml,9266,
ccn6.xml,tadSyncid2id3.xml,7312,
ccn6.xml,tadSyncid2id4.xml,8844,
ccn6.xml,tadSyncid2id6.xml,7440,
ccn6.xml,tadSyncid2id13.xml,1209649,
ccn6.xml,tadSyncid2id7.xml,8236,
ccn6.xml,tadSyncid2id8.xml,8110,
ccn6.xml,tadSyncid2id9.xml,7517,
ccn6.xml,tadSyncid3id0.xml,7516,
ccn6.xml,tadSyncid3id1.xml,7612,
ccn6.xml,tadSyncid3id10.xml,7922,
ccn6.xml,tadSyncid3id11.xml,7515,
ccn6.xml,tadSyncid3id12.xml,7500,
ccn6.xml,tadSyncid3id13.xml,7940,
ccn6.xml,tadSyncid3id3.xml,7484,
ccn6.xml,tadSyncid3id4.xml,248423,
ccn6.xml,tadSyncid3id5.xml,8603,
ccn6.xml,tadSyncid3id6.xml,7434,
ccn6.xml,tadSyncid3id7.xml,8233,
ccn6.xml,tadSyncid3id8.xml,7463,
ccn6.xml,tadSyncid3id9.xml,7689,
ccn6.xml,tadSyncid4id0.xml,7852,
ccn6.xml,tadSyncid4id1.xml,8531,
ccn6.xml,tadSyncid4id10.xml,7562,
ccn6.xml,tadSyncid4id11.xml,7565,
ccn6.xml,tadSyncid4id12.xml,8125,
ccn6.xml,tadSyncid4id13.xml,7174,
ccn6.xml,tadSyncid4id2.xml,7375,
ccn6.xml,tadSyncid4id3.xml,7517,
ccn6.xml,tadSyncid4id4.xml,8845,
ccn6.xml,tadSyncid4id6.xml,8033,
ccn6.xml,tadSyncid4id7.xml,9359,
ccn6.xml,tadSyncid4id8.xml,8719,
ccn6.xml,tadSyncid4id9.xml,8064,
ccn6.xml,tadSyncid5id10.xml,7221,
ccn6.xml,tadSyncid5id11.xml,488970,
ccn6.xml,tadSyncid5id13.xml,7627,
ccn6.xml,tadSyncid5id2.xml,8531,
ccn6.xml,tadSyncid5id3.xml,8688,
ccn6.xml,tadSyncid5id4.xml,7673,
ccn6.xml,tadSyncid5id5.xml,10424,
ccn6.xml,tadSyncid5id6.xml,8268,
ccn6.xml,tadSyncid5id7.xml,8125,
ccn6.xml,tadSyncid5id12.xml,488829,
ccn6.xml,tadSyncid5id9.xml,10314,
ccn6.xml,tadSyncid6id0.xml,7720,
ccn6.xml,tadSyncid6id1.xml,8126,
ccn6.xml,tadSyncid6id10.xml,9281,
ccn6.xml,tadSyncid6id11.xml,8032,
ccn6.xml,tadSyncid6id12.xml,9096,
ccn6.xml,tadSyncid6id13.xml,8032,
ccn6.xml,tadSyncid6id2.xml,7531,
ccn6.xml,tadSyncid6id3.xml,8236,
ccn6.xml,tadSyncid6id4.xml,7877,
ccn6.xml,tadSyncid6id5.xml,7735,
ccn6.xml,tadSyncid6id6.xml,20816,
ccn6.xml,tadSyncid6id8.xml,8937,
ccn6.xml,tadSyncid6id9.xml,7705,
ccn6.xml,tadSyncid7id0.xml,7375,
ccn6.xml,tadSyncid7id1.xml,7783,
ccn6.xml,tadSyncid5id8.xml,727750,
ccn6.xml,tadSyncid7id11.xml,8611,
ccn6.xml,tadSyncid7id12.xml,8158,
ccn6.xml,tadSyncid7id13.xml,8158,
ccn6.xml,tadSyncid7id2.xml,8283,
ccn6.xml,tadSyncid7id5.xml,8422,
ccn6.xml,tadSyncid7id10.xml,497525,
ccn6.xml,tadSyncid7id7.xml,29847,
ccn6.xml,tadSyncid7id8.xml,9314,
ccn6.xml,tadSyncid7id9.xml,8047,
ccn6.xml,tadSyncid8id0.xml,8141,
ccn6.xml,tadSyncid7id6.xml,488260,
ccn6.xml,tadSyncid8id1.xml,8127,
ccn6.xml,tadSyncid8id10.xml,8080,
ccn6.xml,tadSyncid8id11.xml,8359,
ccn6.xml,tadSyncid8id12.xml,8330,
ccn6.xml,tadSyncid8id13.xml,7343,
ccn6.xml,tadSyncid8id2.xml,7329,
ccn6.xml,tadSyncid8id3.xml,7783,
ccn6.xml,tadSyncid8id4.xml,8173,
ccn6.xml,tadSyncid8id5.xml,7752,
ccn6.xml,tadSyncid8id6.xml,8390,
ccn6.xml,tadSyncid8id8.xml,11017,
ccn6.xml,tadSyncid8id9.xml,7532,
ccn6.xml,tadSyncid9id0.xml,520281,
ccn6.xml,tadSyncid9id11.xml,10173,
ccn6.xml,tadSyncid9id12.xml,8064,
ccn6.xml,tadSyncid9id13.xml,10485,
ccn6.xml,tadSyncid9id2.xml,9814,
ccn6.xml,tadSyncid9id3.xml,11064,
ccn6.xml,tadSyncid9id1.xml,1310546,
ccn6.xml,tadSyncid9id4.xml,1211573,
ccn4.xml,tadSyncid9id6.xml,64394367,
ccn6.xml,tadSyncid9id7.xml,20878,
ccn4.xml,tadSyncid9id8.xml,71598940,
ccn6.xml,tadSyncid9id9.xml,349398,
ccn7.xml,ccn8.xml,38293,
ccn7.xml,cxl1.xml,34908,
ccn7.xml,cxl2.xml,36195,
ccn7.xml,cxl3.xml,35344,
ccn7.xml,cxl4.xml,517503,
ccn7.xml,cxs1.xml,279386,
ccn7.xml,cxs2.xml,282445,
ccn7.xml,cxs3.xml,66589,
ccn7.xml,cxs4.xml,71439,
ccn7.xml,tadSyncid0id0.xml,32409,
ccn7.xml,tadSyncid0id1.xml,38540,
ccn7.xml,tadSyncid0id10.xml,277557,
ccn7.xml,tadSyncid0id11.xml,38910,
ccn7.xml,tadSyncid0id12.xml,518663,
ccn7.xml,tadSyncid0id2.xml,37502,
ccn7.xml,tadSyncid0id3.xml,38090,
ccn7.xml,tadSyncid0id4.xml,754857,
ccn7.xml,tadSyncid0id5.xml,40526,
ccn7.xml,tadSyncid0id6.xml,515893,
ccn7.xml,tadSyncid0id7.xml,757759,
ccn7.xml,tadSyncid0id8.xml,36301,
ccn7.xml,tadSyncid0id9.xml,38167,
ccn7.xml,tadSyncid10id0.xml,513630,
ccn7.xml,tadSyncid10id1.xml,274636,
ccn7.xml,tadSyncid10id10.xml,60188,
ccn7.xml,tadSyncid10id11.xml,283857,
ccn7.xml,tadSyncid10id12.xml,33759,
ccn7.xml,tadSyncid10id13.xml,38372,
ccn7.xml,tadSyncid10id2.xml,997515,
ccn7.xml,tadSyncid10id3.xml,38296,
ccn7.xml,tadSyncid10id4.xml,1241501,
ccn7.xml,tadSyncid10id5.xml,520820,
ccn7.xml,tadSyncid10id7.xml,53512,
ccn7.xml,tadSyncid10id9.xml,42379,
ccn7.xml,tadSyncid11id0.xml,516608,
ccn7.xml,tadSyncid11id1.xml,278763,
ccn7.xml,tadSyncid11id11.xml,520892,
ccn7.xml,tadSyncid11id12.xml,35821,
ccn7.xml,tadSyncid11id13.xml,35788,
ccn7.xml,tadSyncid11id2.xml,276007,
ccn7.xml,tadSyncid11id3.xml,36834,
ccn7.xml,tadSyncid11id4.xml,515692,
ccn7.xml,tadSyncid11id5.xml,516426,
ccn7.xml,tadSyncid11id6.xml,517093,
ccn7.xml,tadSyncid11id7.xml,34758,
ccn7.xml,tadSyncid11id8.xml,36812,
ccn7.xml,tadSyncid11id9.xml,36224,
ccn7.xml,tadSyncid12id0.xml,37129,
ccn7.xml,tadSyncid12id1.xml,276074,
ccn7.xml,tadSyncid12id10.xml,41405,
ccn7.xml,tadSyncid12id12.xml,36234,
ccn7.xml,tadSyncid12id13.xml,276201,
ccn7.xml,tadSyncid12id2.xml,41166,
ccn7.xml,tadSyncid12id3.xml,517038,
ccn7.xml,tadSyncid12id4.xml,277447,
ccn7.xml,tadSyncid12id5.xml,517111,
ccn7.xml,tadSyncid12id6.xml,274558,
ccn7.xml,tadSyncid12id7.xml,42112,
ccn7.xml,tadSyncid12id8.xml,514921,
ccn7.xml,tadSyncid12id9.xml,40129,
ccn7.xml,tadSyncid13id0.xml,35161,
ccn7.xml,tadSyncid13id1.xml,521120,
ccn5.xml,tadSyncid9id8.xml,76854757,
ccn7.xml,tadSyncid13id11.xml,41708,
ccn7.xml,tadSyncid13id13.xml,645152,
ccn7.xml,tadSyncid13id2.xml,277312,
ccn7.xml,tadSyncid13id3.xml,34655,
ccn7.xml,tadSyncid13id4.xml,36822,
ccn5.xml,tadSyncid9id6.xml,79481818,
ccn7.xml,tadSyncid13id6.xml,41129,
ccn7.xml,tadSyncid13id7.xml,523390,
ccn7.xml,tadSyncid13id8.xml,515074,
ccn6.xml,tadSyncid9id6.xml,65816876,
ccn7.xml,tadSyncid1id0.xml,280469,
ccn7.xml,tadSyncid1id1.xml,35492,
ccn7.xml,tadSyncid1id10.xml,515447,
ccn7.xml,tadSyncid1id11.xml,750368,
ccn7.xml,tadSyncid1id12.xml,38590,
ccn7.xml,tadSyncid1id2.xml,33632,
ccn7.xml,tadSyncid1id4.xml,517397,
ccn7.xml,tadSyncid1id3.xml,512666,
ccn7.xml,tadSyncid1id5.xml,45681,
ccn7.xml,tadSyncid1id6.xml,42629,
ccn7.xml,tadSyncid1id7.xml,34091,
ccn7.xml,tadSyncid1id8.xml,32898,
ccn7.xml,tadSyncid1id9.xml,277581,
ccn7.xml,tadSyncid2id1.xml,34074,
ccn7.xml,tadSyncid2id10.xml,34055,
ccn7.xml,tadSyncid2id11.xml,36141,
ccn7.xml,tadSyncid2id0.xml,511683,
ccn7.xml,tadSyncid2id13.xml,34476,
ccn7.xml,tadSyncid2id2.xml,35397,
ccn7.xml,tadSyncid2id3.xml,34837,
ccn7.xml,tadSyncid2id4.xml,353888,
ccn7.xml,tadSyncid2id12.xml,593722,
ccn7.xml,tadSyncid2id6.xml,37927,
ccn7.xml,tadSyncid2id7.xml,36496,
ccn7.xml,tadSyncid2id8.xml,37418,
ccn7.xml,tadSyncid2id9.xml,35322,
ccn7.xml,tadSyncid3id0.xml,275684,
ccn7.xml,tadSyncid3id10.xml,30728,
ccn7.xml,tadSyncid3id1.xml,512481,
ccn7.xml,tadSyncid3id12.xml,308744,
ccn7.xml,tadSyncid3id11.xml,514932,
ccn7.xml,tadSyncid3id13.xml,37707,
ccn7.xml,tadSyncid3id3.xml,37170,
ccn7.xml,tadSyncid3id4.xml,34242,
ccn7.xml,tadSyncid3id5.xml,34546,
ccn7.xml,tadSyncid3id6.xml,33113,
ccn7.xml,tadSyncid3id7.xml,33132,
ccn7.xml,tadSyncid3id8.xml,276330,
ccn7.xml,tadSyncid4id0.xml,37390,
ccn7.xml,tadSyncid4id1.xml,36803,
ccn7.xml,tadSyncid4id10.xml,29131,
ccn7.xml,tadSyncid4id11.xml,32087,
ccn7.xml,tadSyncid4id12.xml,31690,
ccn7.xml,tadSyncid3id9.xml,751382,
ccn7.xml,tadSyncid4id13.xml,521007,
ccn7.xml,tadSyncid4id2.xml,275261,
ccn7.xml,tadSyncid4id3.xml,33958,
ccn7.xml,tadSyncid4id4.xml,38848,
ccn7.xml,tadSyncid4id6.xml,38190,
ccn7.xml,tadSyncid4id7.xml,273340,
ccn7.xml,tadSyncid4id9.xml,29841,
ccn7.xml,tadSyncid5id10.xml,31213,
ccn7.xml,tadSyncid5id11.xml,33809,
ccn7.xml,tadSyncid5id12.xml,32338,
ccn7.xml,tadSyncid5id13.xml,33982,
ccn7.xml,tadSyncid4id8.xml,508321,
ccn7.xml,tadSyncid5id3.xml,32132,
ccn7.xml,tadSyncid5id4.xml,31916,
ccn7.xml,tadSyncid5id5.xml,32959,
ccn7.xml,tadSyncid5id2.xml,287808,
ccn7.xml,tadSyncid5id7.xml,32986,
ccn7.xml,tadSyncid5id6.xml,513321,
ccn7.xml,tadSyncid5id9.xml,31872,
ccn7.xml,tadSyncid5id8.xml,513258,
ccn7.xml,tadSyncid6id1.xml,31630,
ccn7.xml,tadSyncid6id10.xml,31866,
ccn7.xml,tadSyncid6id11.xml,31633,
ccn7.xml,tadSyncid6id0.xml,510514,
ccn7.xml,tadSyncid6id12.xml,273523,
ccn7.xml,tadSyncid6id13.xml,33699,
ccn7.xml,tadSyncid6id2.xml,31846,
ccn7.xml,tadSyncid6id3.xml,31545,
ccn7.xml,tadSyncid6id4.xml,31384,
ccn7.xml,tadSyncid6id5.xml,511880,
ccn7.xml,tadSyncid6id8.xml,30898,
ccn7.xml,tadSyncid6id9.xml,31653,
ccn7.xml,tadSyncid7id0.xml,29038,
ccn7.xml,tadSyncid6id6.xml,763381,
ccn7.xml,tadSyncid7id1.xml,511306,
ccn7.xml,tadSyncid7id10.xml,361756,
ccn7.xml,tadSyncid7id11.xml,35905,
ccn7.xml,tadSyncid7id12.xml,35810,
ccn7.xml,tadSyncid7id13.xml,276796,
ccn7.xml,tadSyncid7id5.xml,35623,
ccn7.xml,tadSyncid7id6.xml,37047,
ccn7.xml,tadSyncid7id7.xml,51617,
ccn7.xml,tadSyncid7id8.xml,334823,
ccn7.xml,tadSyncid7id2.xml,752306,
ccn7.xml,tadSyncid8id0.xml,35961,
ccn7.xml,tadSyncid7id9.xml,34017,
ccn7.xml,tadSyncid8id1.xml,38218,
ccn7.xml,tadSyncid8id10.xml,34559,
ccn7.xml,tadSyncid8id11.xml,34158,
ccn7.xml,tadSyncid8id12.xml,32960,
ccn7.xml,tadSyncid8id13.xml,274676,
ccn7.xml,tadSyncid8id3.xml,33538,
ccn7.xml,tadSyncid8id4.xml,38316,
ccn7.xml,tadSyncid8id5.xml,39989,
ccn7.xml,tadSyncid8id6.xml,32253,
ccn7.xml,tadSyncid8id8.xml,35552,
ccn7.xml,tadSyncid8id2.xml,509661,
ccn7.xml,tadSyncid8id9.xml,33691,
ccn7.xml,tadSyncid9id0.xml,501175,
ccn7.xml,tadSyncid9id11.xml,38434,
ccn4.xml,tadSyncid9id5.xml,117849527,
ccn7.xml,tadSyncid9id13.xml,36290,
ccn7.xml,tadSyncid9id2.xml,40325,
ccn7.xml,tadSyncid9id1.xml,1273585,
ccn5.xml,tadSyncid13id10.xml,114848367,
ccn7.xml,tadSyncid9id12.xml,995278,
ccn7.xml,tadSyncid9id3.xml,278471,
ccn7.xml,tadSyncid9id4.xml,39876,
ccn7.xml,tadSyncid9id7.xml,526547,
ccn7.xml,tadSyncid9id9.xml,391524,
ccn8.xml,cxl1.xml,9027,
ccn8.xml,cxl2.xml,7424,
ccn8.xml,cxl3.xml,7902,
ccn8.xml,cxl4.xml,8293,
ccn8.xml,cxs1.xml,7261,
ccn8.xml,cxs2.xml,7442,
ccn8.xml,cxs3.xml,30347,
ccn8.xml,cxs4.xml,30262,
ccn8.xml,tadSyncid0id0.xml,8627,
ccn8.xml,tadSyncid0id1.xml,8211,
ccn8.xml,tadSyncid0id10.xml,728729,
ccn8.xml,tadSyncid0id11.xml,7741,
ccn8.xml,tadSyncid0id12.xml,7954,
ccn8.xml,tadSyncid0id2.xml,8347,
ccn8.xml,tadSyncid0id3.xml,8788,
ccn8.xml,tadSyncid0id4.xml,488971,
ccn8.xml,tadSyncid0id5.xml,8267,
ccn8.xml,tadSyncid0id6.xml,8538,
ccn8.xml,tadSyncid0id7.xml,8249,
ccn8.xml,tadSyncid0id8.xml,7183,
ccn8.xml,tadSyncid0id9.xml,10263,
ccn8.xml,tadSyncid10id0.xml,8378,
ccn8.xml,tadSyncid10id1.xml,7677,
ccn8.xml,tadSyncid10id10.xml,35952,
ccn8.xml,tadSyncid10id11.xml,11568,
ccn8.xml,tadSyncid10id12.xml,488469,
ccn8.xml,tadSyncid10id13.xml,7686,
ccn8.xml,tadSyncid10id2.xml,10125,
ccn8.xml,tadSyncid10id3.xml,10349,
ccn8.xml,tadSyncid10id4.xml,10477,
ccn8.xml,tadSyncid10id5.xml,252293,
ccn8.xml,tadSyncid10id7.xml,19997,
ccn8.xml,tadSyncid10id9.xml,12034,
