cxs3.xml,9510,
smiNoRedundantTemplateid5.xml,9573,
cxl2.xml,9699,
ccn6.xml,9761,
smiTemplateid0.xml,9824,
cxl3.xml,9824,
smiNoRedundantTemplateid10.xml,9918,
ccn7.xml,10012,
cxs2.xml,9996,
ccn2.xml,10215,
ccn4.xml,10215,
ccn5.xml,10293,
cxs1.xml,10324,
cxs4.xml,10402,
ccn8.xml,10417,
cxl4.xml,10449,
ccn3.xml,10402,
cxl1.xml,10387,
smiTemplateid1.xml,10464,
ccn1.xml,10402,
ccn1.xml,ccn2.xml,0,
ccn1.xml,ccn7.xml,0,
ccn1.xml,ccn4.xml,0,
ccn1.xml,ccn5.xml,0,
ccn1.xml,cxs1.xml,0,
ccn1.xml,cxs2.xml,0,
ccn1.xml,cxs3.xml,0,
ccn1.xml,cxs4.xml,0,
ccn1.xml,smiNoRedundantTemplateid5.xml,0,
ccn1.xml,smiNoRedundantTemplateid10.xml,0,
ccn1.xml,smiTemplateid0.xml,0,
ccn1.xml,smiTemplateid1.xml,0,
ccn1.xml,ccn6.xml,0,
ccn2.xml,ccn3.xml,0,
ccn2.xml,ccn4.xml,0,
ccn1.xml,ccn8.xml,0,
ccn2.xml,ccn5.xml,0,
ccn2.xml,ccn6.xml,0,
ccn1.xml,cxl1.xml,0,
ccn2.xml,ccn7.xml,0,
ccn1.xml,ccn3.xml,0,
ccn2.xml,ccn8.xml,0,
ccn2.xml,cxl1.xml,0,
ccn1.xml,cxl2.xml,0,
ccn2.xml,cxl2.xml,0,
ccn2.xml,cxl3.xml,0,
ccn2.xml,cxl4.xml,0,
ccn1.xml,cxl3.xml,0,
ccn2.xml,cxs1.xml,0,
ccn2.xml,cxs2.xml,0,
ccn2.xml,cxs3.xml,0,
ccn2.xml,cxs4.xml,0,
ccn1.xml,cxl4.xml,0,
ccn2.xml,smiNoRedundantTemplateid10.xml,0,
ccn3.xml,ccn4.xml,0,
ccn3.xml,ccn5.xml,0,
ccn3.xml,ccn6.xml,0,
ccn3.xml,ccn7.xml,0,
ccn3.xml,ccn8.xml,0,
ccn3.xml,cxl1.xml,0,
ccn3.xml,cxl2.xml,0,
ccn3.xml,cxl3.xml,0,
ccn3.xml,cxl4.xml,0,
ccn3.xml,cxs1.xml,0,
ccn3.xml,cxs2.xml,0,
ccn3.xml,cxs3.xml,0,
ccn3.xml,cxs4.xml,0,
ccn3.xml,smiNoRedundantTemplateid10.xml,0,
ccn3.xml,smiNoRedundantTemplateid5.xml,0,
ccn3.xml,smiTemplateid0.xml,0,
ccn3.xml,smiTemplateid1.xml,0,
ccn4.xml,ccn5.xml,0,
ccn4.xml,ccn6.xml,0,
ccn4.xml,ccn7.xml,0,
ccn4.xml,ccn8.xml,0,
ccn4.xml,cxl1.xml,0,
ccn2.xml,smiTemplateid1.xml,0,
ccn4.xml,cxl2.xml,0,
ccn4.xml,cxl3.xml,0,
ccn4.xml,cxl4.xml,0,
ccn4.xml,cxs1.xml,0,
ccn4.xml,cxs3.xml,0,
ccn4.xml,cxs4.xml,0,
ccn2.xml,smiTemplateid0.xml,0,
ccn2.xml,smiNoRedundantTemplateid5.xml,0,
ccn4.xml,smiNoRedundantTemplateid10.xml,0,
ccn4.xml,smiNoRedundantTemplateid5.xml,0,
ccn4.xml,smiTemplateid0.xml,0,
ccn4.xml,smiTemplateid1.xml,0,
ccn5.xml,ccn6.xml,0,
ccn5.xml,ccn7.xml,0,
ccn4.xml,cxs2.xml,0,
ccn5.xml,cxl1.xml,0,
ccn5.xml,cxl3.xml,0,
ccn5.xml,cxl2.xml,0,
ccn5.xml,ccn8.xml,0,
ccn5.xml,cxl4.xml,0,
ccn5.xml,cxs1.xml,0,
ccn5.xml,cxs3.xml,0,
ccn5.xml,cxs2.xml,0,
ccn5.xml,cxs4.xml,0,
ccn5.xml,smiNoRedundantTemplateid10.xml,0,
ccn5.xml,smiNoRedundantTemplateid5.xml,0,
ccn5.xml,smiTemplateid0.xml,0,
ccn5.xml,smiTemplateid1.xml,0,
ccn6.xml,ccn7.xml,0,
ccn6.xml,ccn8.xml,0,
ccn6.xml,cxl1.xml,0,
ccn6.xml,cxl2.xml,0,
ccn6.xml,cxl4.xml,0,
ccn6.xml,cxl3.xml,0,
ccn6.xml,cxs1.xml,0,
ccn6.xml,cxs2.xml,0,
ccn6.xml,cxs3.xml,0,
ccn6.xml,cxs4.xml,0,
ccn6.xml,smiNoRedundantTemplateid10.xml,0,
ccn6.xml,smiNoRedundantTemplateid5.xml,0,
ccn6.xml,smiTemplateid0.xml,0,
ccn6.xml,smiTemplateid1.xml,0,
ccn7.xml,ccn8.xml,0,
ccn7.xml,cxl1.xml,0,
ccn7.xml,cxl2.xml,0,
ccn7.xml,cxl3.xml,0,
ccn7.xml,cxl4.xml,0,
ccn7.xml,cxs1.xml,0,
ccn7.xml,cxs2.xml,0,
ccn7.xml,cxs3.xml,0,
ccn7.xml,cxs4.xml,0,
ccn7.xml,smiNoRedundantTemplateid10.xml,0,
ccn7.xml,smiNoRedundantTemplateid5.xml,0,
ccn7.xml,smiTemplateid0.xml,0,
ccn7.xml,smiTemplateid1.xml,0,
ccn8.xml,cxl1.xml,0,
ccn8.xml,cxl2.xml,0,
ccn8.xml,cxl3.xml,0,
ccn8.xml,cxl4.xml,0,
ccn8.xml,cxs1.xml,0,
ccn8.xml,cxs2.xml,0,
ccn8.xml,cxs3.xml,0,
ccn8.xml,cxs4.xml,0,
ccn8.xml,smiNoRedundantTemplateid10.xml,0,
ccn8.xml,smiNoRedundantTemplateid5.xml,0,
ccn8.xml,smiTemplateid0.xml,0,
ccn8.xml,smiTemplateid1.xml,0,
cxl1.xml,cxl2.xml,0,
cxl1.xml,cxl3.xml,0,
cxl1.xml,cxl4.xml,0,
cxl1.xml,cxs1.xml,0,
cxl1.xml,cxs2.xml,0,
cxl1.xml,cxs3.xml,0,
cxl1.xml,cxs4.xml,0,
cxl1.xml,smiNoRedundantTemplateid10.xml,0,
cxl1.xml,smiNoRedundantTemplateid5.xml,0,
cxl1.xml,smiTemplateid0.xml,0,
cxl1.xml,smiTemplateid1.xml,0,
cxl2.xml,cxl3.xml,0,
cxl2.xml,cxl4.xml,0,
cxl2.xml,cxs1.xml,0,
cxl2.xml,cxs2.xml,0,
cxl2.xml,cxs3.xml,0,
cxl2.xml,cxs4.xml,0,
cxl2.xml,smiNoRedundantTemplateid10.xml,0,
cxl2.xml,smiNoRedundantTemplateid5.xml,0,
cxl2.xml,smiTemplateid0.xml,0,
cxl2.xml,smiTemplateid1.xml,0,
cxl3.xml,cxl4.xml,0,
cxl3.xml,cxs1.xml,0,
cxl3.xml,cxs2.xml,0,
cxl3.xml,cxs3.xml,0,
cxl3.xml,cxs4.xml,0,
cxl3.xml,smiNoRedundantTemplateid10.xml,0,
cxl3.xml,smiTemplateid0.xml,0,
cxl3.xml,smiNoRedundantTemplateid5.xml,0,
cxl3.xml,smiTemplateid1.xml,0,
cxl4.xml,cxs1.xml,0,
cxl4.xml,cxs2.xml,0,
cxl4.xml,cxs3.xml,0,
cxl4.xml,cxs4.xml,0,
cxl4.xml,smiNoRedundantTemplateid10.xml,0,
cxl4.xml,smiNoRedundantTemplateid5.xml,0,
cxl4.xml,smiTemplateid1.xml,0,
cxl4.xml,smiTemplateid0.xml,0,
cxs1.xml,cxs2.xml,0,
cxs1.xml,cxs3.xml,0,
cxs1.xml,cxs4.xml,0,
cxs1.xml,smiNoRedundantTemplateid10.xml,0,
cxs1.xml,smiNoRedundantTemplateid5.xml,0,
cxs1.xml,smiTemplateid0.xml,0,
cxs1.xml,smiTemplateid1.xml,0,
cxs2.xml,cxs3.xml,0,
cxs2.xml,cxs4.xml,0,
cxs2.xml,smiNoRedundantTemplateid10.xml,0,
cxs2.xml,smiNoRedundantTemplateid5.xml,0,
cxs2.xml,smiTemplateid1.xml,0,
cxs2.xml,smiTemplateid0.xml,0,
cxs3.xml,cxs4.xml,0,
cxs3.xml,smiNoRedundantTemplateid10.xml,0,
cxs3.xml,smiNoRedundantTemplateid5.xml,0,
cxs3.xml,smiTemplateid0.xml,0,
cxs3.xml,smiTemplateid1.xml,0,
cxs4.xml,smiNoRedundantTemplateid10.xml,0,
cxs4.xml,smiNoRedundantTemplateid5.xml,0,
cxs4.xml,smiTemplateid0.xml,0,
cxs4.xml,smiTemplateid1.xml,0,
smiNoRedundantTemplateid10.xml,smiNoRedundantTemplateid5.xml,0,
smiNoRedundantTemplateid10.xml,smiTemplateid0.xml,0,
smiNoRedundantTemplateid10.xml,smiTemplateid1.xml,0,
smiNoRedundantTemplateid5.xml,smiTemplateid0.xml,0,
smiNoRedundantTemplateid5.xml,smiTemplateid1.xml,0,
smiTemplateid0.xml,smiTemplateid1.xml,0,
,10.605,