ccn8.xml,194,
cxs4.xml,301,
tmi8.xml,359,
tmi10.xml,250,
smiNoRedundantTemplateid10.xml,382,
smiTemplateid9.xml,299,
ccn7.xml,347,
smiTemplateid11.xml,328,
cxs3.xml,419,
cxl2.xml,424,
cxs2.xml,435,
smiNoRedundantTemplateid5.xml,301,
ccn2.xml,316,
smiTemplateid4.xml,357,
smiTemplateid12.xml,380,
smiTemplateid5.xml,355,
cxl4.xml,346,
ccn1.xml,325,
cxl3.xml,315,
cxl1.xml,484,
smiTemplateid0.xml,340,
cxs1.xml,478,
tmi17.xml,248,
ccn6.xml,500,
ccn3.xml,462,
tmi18.xml,356,
ccn4.xml,329,
smiTemplateid8.xml,508,
ccn5.xml,521,
smiTemplateid10.xml,517,
tmi13.xml,233,
tmi15.xml,335,
tmi16.xml,167,
smiTemplateid2.xml,594,
smiTemplateid1.xml,473,
tmi14.xml,276,
tmi2.xml,197,
tmi4.xml,139,
tmi19.xml,171,
smiTemplateid3.xml,169,
tmi9.xml,218,
tmi24.xml,172,
tmi6.xml,178,
smiTemplateid6.xml,166,
tmi7.xml,173,
tmi5.xml,178,
ccn4.xml,tmi6.xml,208,1,
ccn4.xml,tmi5.xml,216,2,
ccn4.xml,tmi4.xml,236,3,
ccn3.xml,smiTemplateid4.xml,340,4,
ccn3.xml,smiTemplateid1.xml,351,5,
ccn3.xml,tmi4.xml,373,6,
ccn3.xml,cxs2.xml,375,7,
ccn3.xml,cxl2.xml,385,8,
ccn3.xml,tmi5.xml,409,9,
ccn3.xml,tmi6.xml,416,10,
ccn3.xml,ccn4.xml,440,11,
ccn4.xml,cxl2.xml,630,12,
ccn4.xml,smiTemplateid4.xml,660,13,
ccn4.xml,cxs2.xml,788,14,
ccn4.xml,smiTemplateid1.xml,913,15,
ccn5.xml,cxl1.xml,954,16,
ccn4.xml,tmi18.xml,8020,17,
ccn5.xml,smiTemplateid2.xml,8054,18,
smiTemplateid11.xml,tmi17.xml,1456,104,
cxl2.xml,smiTemplateid1.xml,0,103,
cxl2.xml,tmi4.xml,0,102,
cxs2.xml,smiTemplateid4.xml,0,101,
cxs2.xml,tmi5.xml,0,100,
cxs2.xml,tmi6.xml,0,99,
smiNoRedundantTemplateid10.xml,smiTemplateid10.xml,0,98,
smiNoRedundantTemplateid5.xml,tmi7.xml,0,97,
smiTemplateid1.xml,tmi4.xml,0,96,
smiTemplateid1.xml,tmi5.xml,0,95,
smiTemplateid12.xml,tmi18.xml,0,94,
smiTemplateid3.xml,tmi9.xml,0,93,
smiTemplateid4.xml,tmi5.xml,0,92,
smiTemplateid4.xml,tmi6.xml,0,91,
smiTemplateid5.xml,tmi7.xml,0,90,
smiTemplateid8.xml,tmi13.xml,0,89,
smiTemplateid1.xml,tmi6.xml,0,88,
tmi4.xml,tmi5.xml,0,87,
tmi4.xml,tmi6.xml,0,87,
tmi5.xml,tmi6.xml,0,87,
smiTemplateid10.xml,tmi16.xml,0,84,
smiTemplateid2.xml,tmi8.xml,0,83,
smiTemplateid4.xml,tmi4.xml,0,82,
smiTemplateid6.xml,tmi10.xml,0,81,
smiTemplateid9.xml,tmi15.xml,0,80,
ccn2.xml,ccn7.xml,9508,
ccn1.xml,smiTemplateid12.xml,9461,
ccn1.xml,tmi15.xml,9458,79,
ccn1.xml,smiTemplateid5.xml,9458,78,
ccn1.xml,smiTemplateid11.xml,9456,
ccn2.xml,smiTemplateid0.xml,9453,77,
ccn1.xml,tmi16.xml,9453,
ccn2.xml,tmi19.xml,9442,76,
ccn1.xml,cxl3.xml,9443,75,
ccn2.xml,tmi16.xml,9435,
ccn2.xml,tmi5.xml,9432,74,
ccn3.xml,smiTemplateid5.xml,9425,73,
ccn4.xml,ccn5.xml,9423,72,
ccn2.xml,smiTemplateid11.xml,9426,
ccn2.xml,smiNoRedundantTemplateid5.xml,9424,71,
ccn3.xml,tmi13.xml,9419,
ccn4.xml,ccn6.xml,9411,70,
ccn3.xml,smiTemplateid12.xml,9412,69,
ccn1.xml,tmi19.xml,9412,68,
ccn4.xml,smiTemplateid8.xml,9405,
ccn2.xml,cxs2.xml,9401,67,
ccn2.xml,cxs3.xml,9399,66,
ccn4.xml,smiTemplateid10.xml,9394,
ccn1.xml,tmi2.xml,9399,65,
ccn4.xml,smiTemplateid3.xml,9391,64,
ccn1.xml,tmi5.xml,9396,63,
ccn3.xml,ccn8.xml,9390,62,
ccn2.xml,smiTemplateid4.xml,9392,61,
ccn3.xml,cxs4.xml,9382,60,
ccn1.xml,ccn6.xml,9379,59,
ccn2.xml,tmi10.xml,9372,58,
ccn3.xml,cxl3.xml,9370,57,
ccn4.xml,smiNoRedundantTemplateid5.xml,9362,56,
ccn1.xml,tmi10.xml,9367,55,
ccn1.xml,ccn2.xml,9363,54,
ccn2.xml,ccn6.xml,9359,53,
ccn1.xml,cxs3.xml,9357,52,
ccn1.xml,cxs2.xml,9355,51,
ccn2.xml,smiTemplateid12.xml,9350,
ccn1.xml,ccn7.xml,9347,
ccn3.xml,smiTemplateid0.xml,9337,50,
ccn2.xml,tmi9.xml,9335,49,
ccn1.xml,ccn3.xml,9337,48,
ccn1.xml,cxl2.xml,9181,47,
ccn4.xml,cxs1.xml,9167,46,
ccn2.xml,ccn3.xml,9168,45,
ccn3.xml,tmi7.xml,9159,44,
ccn3.xml,cxl4.xml,9149,43,
ccn2.xml,tmi6.xml,9147,42,
ccn4.xml,tmi14.xml,9138,41,
ccn1.xml,smiNoRedundantTemplateid5.xml,9139,40,
ccn3.xml,ccn7.xml,9118,
ccn2.xml,smiTemplateid5.xml,9111,39,
ccn4.xml,smiNoRedundantTemplateid10.xml,8949,
ccn4.xml,tmi15.xml,8945,38,
ccn4.xml,smiTemplateid9.xml,8946,37,
ccn5.xml,smiNoRedundantTemplateid10.xml,8903,36,
ccn2.xml,tmi2.xml,8771,35,
ccn4.xml,smiTemplateid11.xml,8762,
ccn3.xml,cxs3.xml,8758,34,
ccn2.xml,tmi15.xml,8739,33,
ccn3.xml,smiTemplateid6.xml,8730,32,
ccn3.xml,smiTemplateid2.xml,8641,31,
ccn1.xml,smiTemplateid4.xml,8562,30,
ccn4.xml,cxl1.xml,8517,29,
ccn3.xml,tmi24.xml,8471,28,
ccn2.xml,smiTemplateid9.xml,8436,27,
ccn1.xml,smiTemplateid9.xml,8408,26,
ccn4.xml,tmi19.xml,8367,25,
ccn1.xml,tmi9.xml,8337,24,
ccn1.xml,tmi6.xml,8299,23,
ccn3.xml,tmi2.xml,8241,22,
ccn1.xml,smiTemplateid0.xml,8215,21,
ccn5.xml,tmi8.xml,8171,20,
smiTemplateid0.xml,tmi2.xml,0,105,
ccn3.xml,tmi10.xml,8077,19,
cxl4.xml,tmi5.xml,1166,120,
cxs1.xml,tmi13.xml,1115,
cxl2.xml,smiTemplateid4.xml,0,119,
cxs2.xml,smiTemplateid1.xml,0,118,
cxs2.xml,cxs4.xml,2422,117,
cxs2.xml,smiTemplateid6.xml,2307,116,
cxs2.xml,tmi24.xml,3208,115,
cxs3.xml,smiTemplateid3.xml,2242,114,
cxs1.xml,smiTemplateid3.xml,3135,113,
cxs3.xml,smiTemplateid10.xml,2985,
cxs1.xml,smiTemplateid10.xml,2976,
cxs1.xml,smiTemplateid8.xml,2971,
smiTemplateid1.xml,smiTemplateid4.xml,0,112,
smiNoRedundantTemplateid10.xml,tmi16.xml,0,111,
smiNoRedundantTemplateid5.xml,smiTemplateid5.xml,0,110,
cxl2.xml,cxs2.xml,0,109,
cxl2.xml,tmi5.xml,0,108,
cxl2.xml,tmi6.xml,0,107,
ccn2.xml,cxl4.xml,18249,121,
ccn4.xml,smiTemplateid5.xml,18246,122,
ccn2.xml,tmi14.xml,18251,123,
ccn4.xml,cxl3.xml,18250,124,
ccn1.xml,tmi17.xml,18257,
ccn1.xml,ccn4.xml,18261,125,
ccn2.xml,smiTemplateid8.xml,18258,126,
ccn2.xml,smiTemplateid10.xml,18261,
ccn1.xml,cxs4.xml,18265,127,
ccn2.xml,tmi13.xml,18263,128,
ccn3.xml,smiNoRedundantTemplateid5.xml,18262,129,
ccn2.xml,smiTemplateid2.xml,18274,130,
ccn2.xml,ccn5.xml,18279,131,
ccn2.xml,cxs1.xml,18280,132,
ccn3.xml,cxl1.xml,18278,133,
ccn4.xml,smiTemplateid2.xml,18276,134,
ccn1.xml,cxl1.xml,18284,135,
ccn1.xml,cxs1.xml,18284,136,
ccn2.xml,ccn4.xml,18282,137,
ccn1.xml,smiTemplateid8.xml,18284,
ccn2.xml,tmi18.xml,18281,
ccn1.xml,smiTemplateid6.xml,18285,138,
ccn3.xml,cxs1.xml,18281,139,
ccn1.xml,cxl4.xml,18287,140,
ccn1.xml,smiNoRedundantTemplateid10.xml,18286,
ccn1.xml,tmi13.xml,18286,
ccn2.xml,ccn8.xml,18286,141,
ccn4.xml,ccn8.xml,18281,142,
ccn4.xml,cxl4.xml,18281,143,
ccn2.xml,smiNoRedundantTemplateid10.xml,18286,
ccn2.xml,smiTemplateid1.xml,18286,144,
ccn3.xml,smiTemplateid3.xml,18283,145,
ccn1.xml,smiTemplateid10.xml,18289,
ccn3.xml,smiTemplateid8.xml,18284,
ccn1.xml,smiTemplateid2.xml,18289,146,
ccn3.xml,smiTemplateid10.xml,18284,
ccn1.xml,ccn5.xml,18291,147,
ccn2.xml,cxl1.xml,18289,148,
ccn3.xml,ccn5.xml,18286,149,
ccn4.xml,tmi17.xml,18282,
ccn3.xml,smiNoRedundantTemplateid10.xml,18287,
ccn1.xml,tmi18.xml,18291,
ccn3.xml,smiTemplateid11.xml,18286,
ccn2.xml,tmi24.xml,18288,150,
ccn4.xml,tmi13.xml,18284,
ccn4.xml,tmi2.xml,18283,151,
ccn3.xml,tmi9.xml,18286,152,
ccn1.xml,tmi4.xml,18291,153,
ccn4.xml,cxs3.xml,18286,154,
ccn4.xml,smiTemplateid12.xml,18286,155,
ccn2.xml,tmi7.xml,18289,156,
ccn2.xml,tmi8.xml,18290,157,
ccn4.xml,cxs4.xml,18287,158,
ccn1.xml,tmi24.xml,18293,159,
ccn2.xml,tmi4.xml,18291,160,
ccn1.xml,smiTemplateid1.xml,18295,161,
ccn1.xml,smiTemplateid3.xml,18295,162,
ccn4.xml,ccn7.xml,18289,
ccn2.xml,tmi17.xml,18292,
ccn3.xml,smiTemplateid9.xml,18290,163,
ccn4.xml,tmi10.xml,18288,164,
ccn2.xml,smiTemplateid3.xml,18293,165,
ccn4.xml,tmi16.xml,18288,
ccn1.xml,tmi14.xml,18297,166,
ccn3.xml,tmi8.xml,18291,167,
ccn2.xml,smiTemplateid6.xml,18294,168,
ccn4.xml,smiTemplateid6.xml,18291,169,
ccn1.xml,ccn8.xml,18299,170,
ccn1.xml,tmi8.xml,18297,171,
ccn2.xml,cxs4.xml,18297,172,
ccn4.xml,smiTemplateid0.xml,18310,173,
ccn3.xml,ccn6.xml,18313,174,
ccn1.xml,tmi7.xml,18317,175,
cxs2.xml,tmi4.xml,0,106,
cxs4.xml,tmi7.xml,13553,227,
cxs1.xml,tmi14.xml,12139,226,
smiTemplateid1.xml,tmi15.xml,11939,225,
smiNoRedundantTemplateid5.xml,tmi15.xml,13478,224,
smiNoRedundantTemplateid10.xml,smiTemplateid5.xml,13574,
smiNoRedundantTemplateid5.xml,smiTemplateid4.xml,13542,223,
smiNoRedundantTemplateid5.xml,smiTemplateid0.xml,13563,222,
smiNoRedundantTemplateid10.xml,smiNoRedundantTemplateid5.xml,13521,
cxs1.xml,tmi24.xml,11689,221,
ccn8.xml,smiTemplateid5.xml,11369,220,
cxs1.xml,smiTemplateid2.xml,11664,219,
smiTemplateid1.xml,tmi18.xml,11947,218,
ccn8.xml,smiTemplateid2.xml,11372,217,
smiNoRedundantTemplateid5.xml,tmi19.xml,13586,216,
smi