tmi4.xml,340,
tadid9id2.xml,140,
ccn6.xml,362,
tmi7.xml,357,
tmi5.xml,351,
tadid9id3.xml,188,
tmi8.xml,361,
tadid9id4.xml,174,
tadid9id6.xml,211,
tadid9id13.xml,109,
tadid9id7.xml,238,
tadid9id5.xml,227,
tmi9.xml,377,
tmi18.xml,348,
tmi6.xml,378,
tadid9id12.xml,96,
tmi24.xml,375,
tmi2.xml,377,
tmi17.xml,360,
tmi19.xml,379,
tmi10.xml,333,
tadid9id1.xml,106,
tmi16.xml,394,
tadid8id9.xml,81,
tadid8id8.xml,84,
tmi13.xml,379,
tadid9id9.xml,358,
tadid9id0.xml,124,
tmi15.xml,407,
tadid8id4.xml,92,
tmi14.xml,409,
tadid8id6.xml,92,
tadid9id11.xml,169,
tadid8id5.xml,91,
tadid9id8.xml,374,
tadid8id3.xml,95,
tadid8id2.xml,108,
tadid8id13.xml,119,
tadid8id12.xml,120,
tadid7id9.xml,93,
tadid8id11.xml,119,
tadid8id10.xml,115,
tadid7id13.xml,71,
tadid8id0.xml,125,
tadid7id6.xml,105,
tadid8id1.xml,134,
tadid7id7.xml,119,
tadid7id12.xml,95,
tadid7id2.xml,103,
tadid7id8.xml,128,
tadid7id5.xml,110,
tadid7id11.xml,107,
tadid7id1.xml,100,
tadid7id10.xml,106,
tadid6id8.xml,73,
tadid7id0.xml,110,
tadid6id9.xml,113,
tadid6id5.xml,93,
tadid6id4.xml,81,
tadid6id3.xml,87,
tadid6id6.xml,121,
tadid5id8.xml,81,
tadid5id7.xml,82,
tadid6id2.xml,106,
tadid6id10.xml,85,
tadid6id11.xml,85,
tadid6id1.xml,95,
tadid6id0.xml,92,
tadid5id9.xml,88,
tadid6id13.xml,79,
tadid5id4.xml,91,
tadid5id6.xml,86,
tadid6id12.xml,112,
tadid5id5.xml,84,
tadid5id13.xml,73,
tadid5id12.xml,69,
tadid5id3.xml,105,
tadid5id10.xml,74,
tadid5id2.xml,100,
tadid4id9.xml,73,
tadid4id7.xml,71,
tadid5id11.xml,91,
tadid4id8.xml,88,
tadid4id6.xml,97,
tadid4id13.xml,72,
tadid4id2.xml,101,
tadid4id12.xml,93,
tadid4id3.xml,119,
tadid4id11.xml,91,
tadid3id3.xml,88,
tadid4id1.xml,83,
tadid3id9.xml,126,
tadid4id0.xml,92,
tadid3id7.xml,73,
tadid4id4.xml,109,
tadid2id8.xml,83,
tadid2id1.xml,105,
tadid4id10.xml,72,
tadid3id5.xml,93,
tadid3id4.xml,88,
tadid3id10.xml,71,
tadid3id13.xml,100,
tadid3id1.xml,79,
tadid3id12.xml,99,
tadid3id8.xml,95,
tadid3id11.xml,114,
tadid2id9.xml,97,
tadid3id6.xml,93,
tadid2id3.xml,71,
tadid2id7.xml,91,
tadid2id4.xml,86,
tadid2id6.xml,94,
tadid2id12.xml,86,
tadid2id2.xml,96,
tadid2id13.xml,93,
tadid2id11.xml,89,
tadid2id0.xml,77,
tadid2id10.xml,89,
tadid1id4.xml,67,
tadid1id9.xml,99,
tadid3id0.xml,113,
tadid1id8.xml,97,
tadid1id7.xml,93,
tadid1id5.xml,85,
tadid1id6.xml,94,
tadid1id3.xml,83,
tadid1id2.xml,78,
tadid1id11.xml,99,
tadid13id8.xml,107,
tadid1id1.xml,120,
tadid1id0.xml,118,
tadid13id4.xml,97,
tadid13id10.xml,131,
tadid13id7.xml,114,
tadid13id3.xml,97,
tadid1id10.xml,71,
tadid13id6.xml,116,
tadid1id12.xml,160,
tadid13id13.xml,96,
tadid13id11.xml,100,
tadid13id2.xml,116,
tadid13id5.xml,137,
tadid13id1.xml,103,
tadid13id0.xml,93,
tadid12id8.xml,83,
tadid12id7.xml,70,
tadid12id9.xml,99,
tadid12id5.xml,76,
tadid12id4.xml,70,
tadid11id6.xml,85,
tadid12id3.xml,74,
tadid12id2.xml,67,
tadid12id10.xml,66,
tadid11id13.xml,77,
tadid12id13.xml,90,
tadid12id1.xml,85,
tadid12id6.xml,93,
tadid12id0.xml,100,
tadid11id9.xml,97,
tadid11id5.xml,88,
smiTemplateid12.xml,78,
tadid11id8.xml,88,
ccn5.xml,87,
ccn3.xml,83,
cxl3.xml,90,
cxl4.xml,109,
tadid11id2.xml,123,
tadid11id4.xml,125,
tadid12id12.xml,116,
tadid11id7.xml,113,
ccn1.xml,82,
ccn7.xml,107,
cxs2.xml,72,
smiTemplateid2.xml,116,
tadid0id8.xml,112,
smiTemplateid0.xml,107,
smiNoRedundantTemplateid10.xml,97,
cxl1.xml,108,
smiTemplateid10.xml,83,
cxs3.xml,95,
cxs1.xml,90,
smiNoRedundantTemplateid5.xml,80,
smiTemplateid11.xml,68,
ccn2.xml,102,
smiTemplateid1.xml,140,
ccn4.xml,83,
smiTemplateid5.xml,62,
cxs4.xml,94,
smiTemplateid3.xml,77,
ccn8.xml,85,
smiTemplateid4.xml,95,
cxl2.xml,85,
smiTemplateid6.xml,87,
smiTemplateid8.xml,83,
tadid0id0.xml,85,
tadid0id10.xml,83,
smiTemplateid9.xml,95,
tadid0id11.xml,79,
tadid0id1.xml,87,
tadid0id12.xml,81,
tadid11id3.xml,85,
tadid0id2.xml,99,
tadid0id7.xml,94,
tadid0id3.xml,111,
tadid0id6.xml,85,
tadid0id5.xml,95,
tadid10id0.xml,90,
tadid0id4.xml,126,
tadid0id9.xml,91,
tadid10id1.xml,87,
tadid10id10.xml,80,
tadid10id7.xml,90,
tadid10id2.xml,56,
tadid10id5.xml,87,
tadid10id4.xml,85,
tadid11id12.xml,108,
tadid11id1.xml,69,
tadid11id11.xml,64,
tadid10id11.xml,106,
tadid10id13.xml,94,
tadid10id3.xml,92,
tadid10id12.xml,110,
tadid11id0.xml,71,
tadid10id9.xml,68,
ccn1.xml,smiNoRedundantTemplateid10.xml,208,
smiTemplateid2.xml,smiTemplateid5.xml,7,
ccn1.xml,ccn8.xml,1456,
ccn1.xml,ccn2.xml,1592,
ccn1.xml,smiTemplateid10.xml,11256,
ccn1.xml,cxl3.xml,12924,
ccn1.xml,tadid7id10.xml,12543,
ccn1.xml,tadid4id3.xml,12945,
ccn1.xml,smiTemplateid2.xml,11361,
smiNoRedundantTemplateid5.xml,tadid1id6.xml,11859,
ccn1.xml,cxs1.xml,13053,
ccn1.xml,tadid5id13.xml,13009,
ccn1.xml,tadid7id8.xml,12672,
ccn1.xml,tadid7id1.xml,12733,
ccn1.xml,tadid7id7.xml,12706,
ccn1.xml,tadid6id10.xml,12800,
ccn1.xml,tadid5id12.xml,13066,
ccn1.xml,smiTemplateid5.xml,11628,
ccn1.xml,tadid3id13.xml,11591,
ccn1.xml,tadid8id10.xml,12692,
ccn1.xml,tadid1id8.xml,11560,
ccn1.xml,tadid5id5.xml,12937,
ccn1.xml,tadid6id11.xml,12806,
ccn1.xml,tadid1id4.xml,11560,
ccn1.xml,smiTemplateid11.xml,11627,
ccn1.xml,tadid2id1.xml,11532,
ccn1.xml,tadid3id12.xml,11597,
ccn1.xml,tadid6id3.xml,12790,
ccn1.xml,tadid3id6.xml,11630,
ccn1.xml,tadid3id0.xml,11599,
ccn1.xml,tadid4id8.xml,13092,
ccn1.xml,tadid2id13.xml,11539,
ccn1.xml,tadid2id7.xml,11601,
ccn1.xml,tadid8id1.xml,12715,
ccn1.xml,tadid5id8.xml,12926,
ccn1.xml,tadid6id8.xml,12782,
ccn1.xml,tadid6id6.xml,12782,
ccn1.xml,tadid4id12.xml,11635,
ccn1.xml,tadid4id11.xml,11636,
ccn1.xml,tadid2id2.xml,11573,
ccn1.xml,tadid5id9.xml,12922,
ccn1.xml,tadid1id7.xml,11604,
ccn1.xml,tadid4id10.xml,12890,
ccn1.xml,tadid8id12.xml,11996,
ccn1.xml,tadid8id11.xml,12003,
ccn1.xml,tadid7id6.xml,12233,
ccn1.xml,tadid2id8.xml,12638,
ccn1.xml,tadid0id0.xml,11703,
ccn1.xml,tadid6id5.xml,12286,
ccn1.xml,tadid6id9.xml,12284,
ccn1.xml,tadid6id0.xml,12579,
ccn1.xml,tadid8id0.xml,12008,
ccn1.xml,tadid3id4.xml,13031,
ccn1.xml,tadid10id11.xml,11743,
ccn1.xml,tadid7id5.xml,12238,
ccn1.xml,tadid5id10.xml,12706,
ccn1.xml,tadid12id10.xml,12434,
ccn1.xml,cxs3.xml,11710,
ccn1.xml,tadid2id0.xml,12630,
ccn1.xml,tadid13id6.xml,12534,
ccn1.xml,tadid13id0.xml,12481,
ccn1.xml,smiTemplateid9.xml,11675,
ccn1.xml,tadid13id2.xml,12564,
ccn1.xml,tadid0id4.xml,11680,
ccn1.xml,tadid8id9.xml,11778,
ccn1.xml,tadid11id11.xml,11977,
ccn1.xml,tadid3id3.xml,12896,
ccn1.xml,tadid13id1.xml,12504,
ccn1.xml,tadid6id12.xml,12520,
ccn1.xml,tadid6id13.xml,12488,
ccn1.xml,tadid0id9.xml,11741,
ccn1.xml,tadid2id3.xml,12612,
ccn1.xml,smiTemplateid0.xml,11624,
ccn1.xml,tadid0id12.xml,11716,
ccn1.xml,tadid7id13.xml,12740,
ccn1.xml,tadid3id9.xml,11626,
cxl4.xml,tadid1id5.xml,12273,
ccn1.xml,tadid3id5.xml,11583,
ccn1.xml,tadid6id2.xml,12788,
smiTemplateid9.xml,tadid13id5.xml,872,
smiTemplateid9.xml,tadid13id0.xml,533,
ccn1.xml,tadid7id2.xml,13525,
ccn1.xml,smiNoRedundantTemplateid5.xml,11889,
ccn1.xml,tadid4id9.xml,13223,
ccn1.xml,tadid10id7.xml,11979,
ccn1.xml,tadid5id7.xml,12632,
ccn1.xml,smiTemplateid3.xml,38273,
ccn1.xml,tadid0id6.xml,38275,
ccn1.xml,tadid10id9.xml,11750,
ccn1.xml,tadid5id11.xml,12698,
ccn1.xml,tadid12id2.xml,12442,
ccn1.xml,tadid0id11.xml,11683,
ccn1.xml,tadid11id3.xml,12209,
ccn1.xml,tadid6id1.xml,12554,
ccn1.xml,tadid10id1.xml,38372,
ccn1.xml,tadid0id7.xml,38372,
ccn1.xml,tadid4id0.xml,26960,
ccn1.xml,tadid10id0.xml,38373,
ccn1.xml,tadid12id8.xml,38373,
ccn1.xml,tadid3id1.xml,26954,
ccn1.xml,tadid13id7.xml,38376,
ccn1.xml,tadid11id2.xml,38374,
ccn1.xml,tadid10id4.xml,38374,
ccn1.xml,tadid1id1.xml,12549,
smiTemplateid9.xml,tmi7.xml,26632,
ccn1.xml,tadid13id4.xml,38403,
ccn1.xml,tadid12id4.xml,38403,
ccn1.xml,tadid11id5.xml,38403,
ccn1.xml,tadid11id0.xml,38403,
ccn1.xml,tadid5id2.xml,12696,
smiTemplateid9.xml,tmi8.xml,26632,
ccn1.xml,tadid3id11.xml,12999,
ccn1.xml,tadid0id5.xml,38405,
ccn1.xml,tadid11id6.xml,38405,
ccn1.xml,smiTemplateid8.xml,38405,
ccn1.xml,tadid0id1.xml,38405,
ccn1.xml,tadid13id10.xml,38405,
ccn1.xml,tadid1id12.xml,12570,
smiTemplateid9.xml,tmi17.xml,26632,
ccn1.xml,tadid1id6.xml,12599,
ccn1.xml,tadid12id1.xml,12228,
ccn1.xml,tadid1id5.xml,12618,
ccn1.xml,tadid2id4.xml,12666,
ccn1.xml,tadid10id3.xml,11972,
ccn1.xml,tadid10id2.xml,11755,
ccn1.xml,tadid3id8.xml,13037,
ccn1.xml,tadid3id10.xml,13036,
ccn1.xml,tadid5id3.xml,12679,
ccn1.xml,tadid13id13.xml,12503,
ccn1.xml,tadid2id11.xml,12602,
ccn1.xml,smiTemplateid12.xml,11657,
ccn1.xml,tadid1id0.xml,12535,
ccn1.xml,tadid5id6.xml,12664,
ccn3.xml,cxl3.xml,13054,
ccn1.xml,tadid1id9.xml,12682,
ccn1.xml,tadid1id2.xml,12581,
ccn1.xml,tadid9id11.xml,11774,
ccn1.xml,tadid10id10.xml,11721,
ccn1.xml,tadid7id12.xml,12259,
ccn1.xml,tadid12id7.xml,12471,
ccn1.xml,tadid13id5.xml,12517,
ccn1.xml,tadid11id7.xml,12227,
ccn1.xml,tadid11id8.xml,12474,
ccn1.xml,tadid2id12.xml,12898,
ccn1.xml,tadid12id3.xml,12453,
ccn1.xml,tadid7id0.xml,12275,
ccn1.xml,tadid2id9.xml,12650,
ccn1.xml,tadid4id1.xml,12999,
ccn1.xml,tadid4id13.xml,12999,
ccn1.xml,tadid0id8.xml,11689,
ccn1.xml,tadid7id11.xml,12261,
ccn1.xml,tadid11id4.xml,12211,
ccn1.xml,tadid11id12.xml,11999,
ccn1.xml,smiTemplateid4.xml,11651,
ccn1.xml,tadid12id6.xml,12458,
ccn1.xml,tadid3id7.xml,12898,
ccn1.xml,tadid8id8.xml,11782,
ccn1.xml,tadid8id4.xml,11787,
ccn1.xml,tadid13id3.xml,38405,
ccn1.xml,tadid2id6.xml,27024,
ccn1.xml,tadid13id11.xml,38465,
ccn1.xml,smiTemplateid6.xml,38372,
ccn1.xml,tadid10id5.xml,38465,
ccn1.xml,tadid0id2.xml,38465,
ccn1.xml,tadid12id13.xml,38497,
ccn1.xml,tadid11id1.xml,38497,
ccn1.xml,tadid1id11.xml,38499,
ccn1.xml,tadid10id13.xml,38497,
ccn1.xml,tadid13id8.xml,38499,
ccn1.xml,tadid12id5.xml,38497,
ccn1.xml,tadid11id9.xml,38497,
ccn1.xml,tadid12id9.xml,38497,
ccn1.xml,tadid0id3.xml,38497,
ccn1.xml,tadid10id12.xml,38497,
ccn1.xml,tadid12id12.xml,38497,
ccn1.xml,tadid1id3.xml,38499,
ccn1.xml,tadid11id13.xml,38497,
tadid0id0.xml,tadid12id6.xml,26886,
smiTemplateid9.xml,tadid7id6.xml,26598,
tadid0id0.xml,tadid0id4.xml,26790,
smiTemplateid9.xml,tadid2id12.xml,26373,
smiNoRedundantTemplateid5.xml,smiTemplateid2.xml,12522,
smiTemplateid9.xml,tadid2id9.xml,26412,
smiTemplateid9.xml,tadid6id5.xml,26597,
smiTemplateid9.xml,tadid8id11.xml,26663,
smiTemplateid9.xml,tadid6id9.xml,26604,
smiTemplateid9.xml,tadid7id9.xml,26693,
smiTemplateid9.xml,tadid2id8.xml,26467,
smiTemplateid9.xml,tadid5id2.xml,26567,
smiTemplateid9.xml,tadid7id0.xml,26631,
smiTemplateid9.xml,tadid5id7.xml,26597,
tadid0id0.xml,tadid0id7.xml,26855,
tadid0id0.xml,tadid11id1.xml,26919,
smiTemplateid9.xml,tadid3id11.xml,26500,
tadid0id0.xml,tadid11id2.xml,26919,
smiTemplateid9.xml,tadid7id12.xml,26662,
smiTemplateid9.xml,tmi13.xml,26791,
smiTemplateid9.xml,tadid6id12.xml,26599,
smiTemplateid9.xml,tmi24.xml,26823,
tadid0id0.xml,tadid13id4.xml,26983,
tadid0id0.xml,tadid1id8.xml,27015,
tadid0id0.xml,tadid2id2.xml,27047,
smiTemplateid9.xml,tadid4id7.xml,26565,
tadid0id0.xml,tadid10id10.xml,26887,
tadid0id0.xml,tadid10id1.xml,26887,
tadid0id0.xml,tadid11id6.xml,26919,
smiTemplateid9.xml,tadid6id1.xml,26598,
smiTemplateid9.xml,tadid1id6.xml,26406,
smiTemplateid9.xml,tadid3id7.xml,26503,
ccn1.xml,tadid2id10.xml,38627,
smiTemplateid9.xml,tadid2id0.xml,26466,
smiTemplateid9.xml,tadid4id1.xml,26564,
tadid0id0.xml,tadid1id0.xml,27014,
smiTemplateid9.xml,tadid2id11.xml,26467,
smiTemplateid9.xml,tadid1id12.xml,26406,
tadid0id0.xml,tadid2id8.xml,27078,
tadid0id0.xml,tadid10id13.xml,26918,
tadid0id0.xml,tadid0id11.xml,26886,
smiTemplateid9.xml,tadid9id12.xml,26790,
smiTemplateid9.xml,tadid1id2.xml,26434,
smiTemplateid9.xml,tadid3id10.xml,26502,
smiTemplateid9.xml,tadid4id6.xml,26595,
smiTemplateid9.xml,tadid4id13.xml,26565,
smiTemplateid9.xml,tadid9id3.xml,26790,
tadid0id0.xml,tadid0id10.xml,26886,
ccn1.xml,tadid12id0.xml,38657,
smiTemplateid9.xml,tadid8id3.xml,26790,
smiTemplateid9.xml,tadid8id0.xml,26758,
tadid0id0.xml,tadid1id11.xml,27078,
smiTemplateid9.xml,tadid9id11.xml,26822,
smiTemplateid9.xml,tadid7id11.xml,26724,
tadid0id0.xml,tadid12id2.xml,27014,
tadid0id0.xml,tadid13id13.xml,27046,
smiTemplateid9.xml,tadid3id4.xml,26565,
smiTemplateid9.xml,tadid1id5.xml,26467,
smiTemplateid9.xml,tadid2id3.xml,26502,
tadid0id0.xml,tadid2id3.xml,27110,
smiTemplateid9.xml,tadid2id4.xml,26530,
tadid0id0.xml,tadid12id13.xml,27014,
smiTemplateid9.xml,tadid3id3.xml,26564,
smiTemplateid9.xml,tadid8id8.xml,26790,
smiTemplateid9.xml,tadid1id0.xml,26434,
tadid0id0.xml,tadid0id3.xml,26918,
tadid0id0.xml,tadid12id5.xml,27014,
smiTemplateid9.xml,tadid9id4.xml,26790,
smiTemplateid9.xml,tadid4id2.xml,26598,
tadid0id0.xml,tadid11id3.xml,26982,
smiTemplateid9.xml,tadid5id10.xml,26629,
smiTemplateid9.xml,tadid7id5.xml,26725,
smiTemplateid9.xml,tadid3id8.xml,26595,
smiTemplateid9.xml,tadid9id7.xml,26854,
ccn1.xml,tadid0id10.xml,38689,
tadid0id0.xml,tadid13id11.xml,27078,
smiTemplateid9.xml,tadid6id4.xml,26724,
tadid0id0.xml,tadid2id10.xml,27142,
smiTemplateid9.xml,tadid6id13.xml,26694,
tadid0id0.xml,tadid1id5.xml,27110,
smiTemplateid9.xml,tadid9id8.xml,26886,
tadid0id0.xml,tadid1id12.xml,27110,
smiTemplateid9.xml,tadid1id9.xml,26502,
smiTemplateid9.xml,tadid1id1.xml,26468,
smiTemplateid9.xml,tadid8id12.xml,26790,
tadid0id0.xml,tadid10id7.xml,26982,
smiTemplateid9.xml,tadid8id9.xml,26854,
smiTemplateid9.xml,tadid8id4.xml,26822,
smiTemplateid10.xml,tadid6id8.xml,12942,
smiTemplateid10.xml,tadid4id4.xml,12952,
smiTemplateid10.xml,tadid2id6.xml,12977,
smiNoRedundantTemplateid10.xml,tadid6id5.xml,12996,
smiNoRedundantTemplateid10.xml,tadid3id4.xml,13038,
smiNoRedundantTemplateid10.xml,tadid13id2.xml,13106,
smiNoRedundantTemplateid10.xml,tadid3id11.xml,13133,
smiTemplateid2.xml,tadid12id10.xml,24303,
smiTemplateid2.xml,tadid11id0.xml,24305,
smiTemplateid2.xml,tadid11id13.xml,24321,
smiTemplateid2.xml,tadid0id2.xml,125,
smiTemplateid2.xml,tadid10id4.xml,163,
smiTemplateid2.xml,tadid13id1.xml,110,
smiTemplateid2.xml,tmi8.xml,10,1,
smiTemplateid2.xml,tadid9id13.xml,131,
smiTemplateid2.xml,tadid4id2.xml,123,
smiNoRedundantTemplateid10.xml,smiNoRedundantTemplateid5.xml,24741,
smiTemplateid12.xml,tadid3id0.xml,22967,
smiTemplateid2.xml,tadid11id8.xml,47161,
smiTemplateid12.xml,tadid7id7.xml,22967,
smiNoRedundantTemplateid10.xml,tadid0id9.xml,47162,
smiNoRedundantTemplateid10.xml,smiTemplateid12.xml,47162,
smiNoRedundantTemplateid10.xml,tadid0id8.xml,47162,
smiTemplateid2.xml,tadid8id12.xml,22647,
smiTemplateid12.xml,tadid12id4.xml,22967,
smiNoRedundantTemplateid10.xml,smiTemplateid4.xml,47162,
smiTemplateid12.xml,tadid8id4.xml,22871,
smiTemplateid12.xml,tadid5id11.xml,22967,
smiTemplateid3.xml,tadid4id11.xml,22497,
smiTemplateid2.xml,tadid11id4.xml,22839,
smiTemplateid2.xml,tadid11id12.xml,22808,
smiTemplateid2.xml,tadid4id10.xml,22678,
smiTemplateid2.xml,tadid0id6.xml,22808,
smiTemplateid2.xml,tadid0id5.xml,22744,
smiTemplateid2.xml,tadid0id9.xml,22807,
smiTemplateid2.xml,smiTemplateid6.xml,22776,
smiTemplateid2.xml,tadid3id9.xml,22711,
smiTemplateid2.xml,tadid3id8.xml,22680,
smiNoRedundantTemplateid10.xml,tadid1id12.xml,47162,
smiTemplateid2.xml,tadid11id5.xml,22712,
smiTemplateid2.xml,tadid7id1.xml,22616,
smiTemplateid2.xml,tadid4id11.xml,22648,
smiTemplateid2.xml,tmi9.xml,22541,
smiTemplateid2.xml,tadid12id7.xml,22743,
smiTemplateid2.xml,tadid10id3.xml,22775,
smiTemplateid2.xml,tadid12id4.xml,22712,
smiTemplateid2.xml,tadid12id3.xml,22712,
smiTemplateid2.xml,tadid8id9.xml,22615,
smiTemplateid12.xml,tadid8id0.xml,22904,
smiTemplateid2.xml,tadid10id9.xml,22744,
smiTemplateid2.xml,tadid10id11.xml,22808,
cxs4.xml,tmi7.xml,47163,
smiTemplateid2.xml,tadid10id0.xml,47162,
smiTemplateid12.xml,tadid8id13.xml,22904,
smiTemplateid2.xml,tadid5id7.xml,22616,
smiTemplateid2.xml,tadid0id1.xml,22744,
smiTemplateid2.xml,tadid0id0.xml,22776,
smiTemplateid2.xml,tadid12id8.xml,22839,
smiTemplateid3.xml,tadid11id13.xml,22565,
smiTemplateid2.xml,tadid0id12.xml,47161,
smiTemplateid2.xml,tadid13id10.xml,22839,
smiTemplateid10.xml,tadid10id10.xml,11066,
smiNoRedundantTemplateid5.xml,tmi7.xml,10989,
smiTemplateid9.xml,tadid5id4.xml,11170,
smiTemplateid9.xml,tadid1id4.xml,11136,
smiTemplateid9.xml,tadid1id3.xml,11266,
smiTemplateid8.xml,tadid8id3.xml,11427,
smiTemplateid9.xml,tadid6id10.xml,11171,
smiTemplateid6.xml,tadid4id4.xml,11552,
smiTemplateid4.xml,tadid9id11.xml,11808,
smiTemplateid6.xml,tadid1id11.xml,11616,
smiTemplateid8.xml,tadid2id4.xml,11363,
smiTemplateid6.xml,tadid11id7.xml,11712,
smiTemplateid8.xml,tadid0id0.xml,11458,
smiTemplateid9.xml,tadid2id1.xml,11171,
smiTemplateid9.xml,tadid4id9.xml,11168,
smiTemplateid9.xml,tadid3id13.xml,11139,
smiTemplateid6.xml,tadid5id6.xml,11554,
smiTemplateid6.xml,tadid4id0.xml,11555,
smiTemplateid8.xml,smiTemplateid9.xml,11234,
tadid0id0.xml,tadid12id10.xml,10979,
smiTemplateid9.xml,tadid12id12.xml,11267,
smiTemplateid9.xml,tadid4id4.xml,11107,
smiTemplateid8.xml,tadid5id3.xml,11362,
smiTemplateid9.xml,tadid9id9.xml,11075,
smiTemplateid9.xml,tadid7id8.xml,11106,
smiTemplateid6.xml,tadid10id10.xml,11811,
smiTemplateid4.xml,tadid4id2.xml,11907,
smiTemplateid4.xml,tadid9id7.xml,11874,
smiTemplateid6.xml,tadid9id7.xml,11491,
smiTemplateid9.xml,tadid11id9.xml,11456,
smiTemplateid6.xml,tadid10id2.xml,11682,
smiTemplateid6.xml,tadid13id13.xml,11587,
smiTemplateid6.xml,tadid3id6.xml,11584,
smiTemplateid8.xml,tadid0id12.xml,11235,
smiTemplateid12.xml,tadid6id5.xml,11043,
smiTemplateid9.xml,tadid3id0.xml,11202,
smiTemplateid12.xml,tadid4id7.xml,11043,
smiTemplateid9.xml,tadid6id6.xml,11104,
smiTemplateid9.xml,tadid12id9.xml,11491,
smiTemplateid9.xml,tadid1id10.xml,11203,
smiTemplateid9.xml,tadid11id1.xml,11296,
smiTemplateid8.xml,tadid11id8.xml,11522,
smiTemplateid4.xml,tmi24.xml,11939,
smiTemplateid8.xml,tadid12id6.xml,11394,
smiTemplateid9.xml,tadid0id3.xml,11298,
smiTemplateid6.xml,tadid2id3.xml,11650,
smiTemplateid8.xml,tadid2id3.xml,11392,
smiTemplateid4.xml,tadid2id8.xml,11840,
tadid0id0.xml,tadid12id7.xml,10978,
smiTemplateid6.xml,tadid5id10.xml,11523,
smiTemplateid9.xml,tadid12id0.xml,11331,
smiTemplateid4.xml,tadid13id5.xml,11939,
smiTemplateid8.xml,tadid3id4.xml,11459,
smiTemplateid4.xml,tadid5id7.xml,11939,
smiTemplateid4.xml,tadid1id12.xml,11971,
smiTemplateid4.xml,tadid9id3.xml,11842,
smiTemplateid8.xml,tadid10id11.xml,11424,
smiTemplateid9.xml,tadid1id8.xml,11138,
smiTemplateid8.xml,tadid0id8.xml,11555,
tadid0id0.xml,tadid12id4.xml,10979,
smiTemplateid4.xml,tadid10id11.xml,11971,
smiTemplateid8.xml,tadid6id1.xml,11488,
smiTemplateid4.xml,tadid8id4.xml,11779,
tadid0id0.xml,tadid10id0.xml,11042,
smiTemplateid4.xml,tadid3id7.xml,11875,
smiTemplateid8.xml,tadid5id10.xml,11360,
smiTemplateid4.xml,tadid3id3.xml,11875,
tadid0id0.xml,tadid10id12.xml,11011,
smiTemplateid8.xml,tadid12id2.xml,11395,
smiTemplateid9.xml,tadid8id6.xml,11075,
tadid0id0.xml,tadid11id8.xml,11010,
smiTemplateid3.xml,tmi6.xml,11971,
smiTemplateid4.xml,tadid6id12.xml,11907,
smiTemplateid9.xml,tadid9id1.xml,11074,
tadid0id0.xml,tadid11id5.xml,11072,
smiTemplateid3.xml,tadid8id5.xml,11971,
smiTemplateid9.xml,tadid11id0.xml,11520,
smiTemplateid4.xml,tadid2id3.xml,11939,
smiTemplateid9.xml,tadid4id0.xml,11203,
smiTemplateid9.xml,tadid2id2.xml,11139,
smiTemplateid8.xml,tadid4id1.xml,11363,
smiTemplateid6.xml,tadid1id9.xml,11587,
smiTemplateid8.xml,tadid1id12.xml,11490,
smiTemplateid6.xml,smiTemplateid9.xml,11683,
smiTemplateid9.xml,tadid2id7.xml,11299,
tadid0id0.xml,tadid12id8.xml,11008,
tadid0id0.xml,tadid0id6.xml,11011,
smiTemplateid6.xml,tadid6id0.xml,11523,
smiTemplateid9.xml,tadid13id3.xml,11264,
smiTemplateid8.xml,tadid7id0.xml,11331,
smiTemplateid6.xml,tadid11id6.xml,11618,
tadid0id0.xml,tadid10id9.xml,11040,
smiTemplateid6.xml,tmi16.xml,11232,
smiTemplateid8.xml,tadid4id10.xml,11459,
smiTemplateid6.xml,tadid2id2.xml,11586,
smiTemplateid8.xml,tmi24.xml,11328,
smiTemplateid4.xml,tmi7.xml,11843,
smiTemplateid9.xml,tadid5id13.xml,11200,
smiTemplateid9.xml,tadid3id9.xml,11107,
smiTemplateid8.xml,tmi7.xml,11299,
smiTemplateid9.xml,tadid12id8.xml,11267,
smiTemplateid8.xml,tadid9id7.xml,11330,
smiTemplateid6.xml,tadid9id6.xml,11235,
smiTemplateid6.xml,tadid4id1.xml,11426,
smiTemplateid8.xml,tadid13id13.xml,11395,
smiTemplateid5.xml,tadid8id2.xml,11648,
smiTemplateid8.xml,tadid2id9.xml,11427,
smiTemplateid5.xml,tadid10id2.xml,11779,
smiTemplateid4.xml,tadid5id2.xml,11971,
smiTemplateid5.xml,tadid8id3.xml,11619,
smiTemplateid5.xml,tadid7id2.xml,11619,
smiTemplateid5.xml,tadid9id3.xml,11651,
smiTemplateid5.xml,tadid9id6.xml,11651,
smiTemplateid5.xml,tadid9id7.xml,11683,
smiTemplateid5.xml,tmi24.xml,11680,
smiTemplateid4.xml,tadid10id7.xml,11971,
smiTemplateid5.xml,tmi6.xml,11714,
smiTemplateid5.xml,tadid6id0.xml,11715,
smiTemplateid5.xml,tadid9id2.xml,11715,
smiTemplateid5.xml,tadid4id13.xml,11746,
smiTemplateid5.xml,tadid2id7.xml,11747,
smiTemplateid5.xml,tadid4id6.xml,11744,
smiTemplateid5.xml,tadid1id9.xml,11776,
smiTemplateid5.xml,tadid2id8.xml,11747,
smiTemplateid5.xml,tadid12id1.xml,11778,
smiTemplateid5.xml,tadid4id12.xml,11810,
smiTemplateid5.xml,tadid3id7.xml,11811,
smiTemplateid5.xml,tadid11id7.xml,11843,
smiTemplateid4.xml,tmi14.xml,11872,
smiTemplateid5.xml,tadid1id5.xml,11907,
smiTemplateid5.xml,tadid4id9.xml,11907,
smiTemplateid4.xml,tadid6id4.xml,11971,
smiTemplateid4.xml,tadid12id2.xml,11971,
smiTemplateid4.xml,tadid12id3.xml,11971,
smiTemplateid4.xml,tadid4id7.xml,11971,
smiTemplateid4.xml,tadid13id13.xml,11971,
smiTemplateid4.xml,tadid11id7.xml,11971,
smiTemplateid6.xml,tadid1id5.xml,11971,
smiTemplateid4.xml,tadid11id3.xml,11971,
smiTemplateid4.xml,tadid2id4.xml,11971,
smiTemplateid12.xml,tadid4id3.xml,23001,
smiTemplateid4.xml,tadid10id10.xml,11971,
smiNoRedundantTemplateid10.xml,tadid5id4.xml,11096,
smiTemplateid1.xml,tadid5id4.xml,47159,
ccn1.xml,ccn4.xml,74998,
smiNoRedundantTemplateid10.xml,tadid11id12.xml,47356,
cxs4.xml,tadid12id2.xml,47170,
tadid0id0.xml,tadid10id2.xml,34868,
smiNoRedundantTemplateid10.xml,tadid13id0.xml,47401,
cxs4.xml,tadid1id11.xml,47169,
smiTemplateid8.xml,tadid10id0.xml,47510,
smiTemplateid4.xml,tadid12id4.xml,47159,
smiTemplateid9.xml,tadid5id11.xml,61145,
smiNoRedundantTemplateid10.xml,tadid13id5.xml,47424,
smiTemplateid9.xml,tmi4.xml,34834,
cxs4.xml,tadid1id5.xml,47169,
cxs4.xml,tadid1id8.xml,47169,
tadid0id0.xml,tadid11id11.xml,34803,
smiTemplateid8.xml,tadid10id1.xml,47510,
smiTemplateid8.xml,tadid7id7.xml,47994,
smiTemplateid8.xml,tadid6id10.xml,47930,
tadid0id0.xml,tadid12id1.xml,34801,
smiNoRedundantTemplateid10.xml,tadid2id3.xml,47488,
tadid0id0.xml,tadid2id7.xml,34965,
tadid0id0.xml,tadid11id7.xml,61498,
cxs4.xml,tadid8id6.xml,47169,
smiTemplateid0.xml,tadid13id1.xml,47174,
smiTemplateid8.xml,tadid10id4.xml,47159,
smiTemplateid12.xml,tadid1id4.xml,47159,
ccn1.xml,tadid8id3.xml,47169,
smiTemplateid12.xml,tadid11id3.xml,47186,
tadid0id0.xml,tadid1id4.xml,34933,
smiNoRedundantTemplateid10.xml,tadid4id10.xml,47568,
cxs4.xml,tadid11id11.xml,47169,
smiTemplateid9.xml,tmi18.xml,34836,
smiTemplateid12.xml,tadid12id2.xml,47159,
cxs4.xml,tadid10id5.xml,47169,
ccn1.xml,cxl2.xml,75234,
tadid0id0.xml,tadid0id8.xml,35060,
smiTemplateid11.xml,tmi19.xml,11348,
smiTemplateid4.xml,tadid13id11.xml,47189,
tadid0id0.xml,tadid13id8.xml,61273,
smiTemplateid0.xml,tadid3id4.xml,47158,
cxs4.xml,tadid9id11.xml,47168,
cxs4.xml,tadid11id3.xml,47158,
smiTemplateid1.xml,tadid3id11.xml,47179,
smiTemplateid8.xml,tadid10id5.xml,47158,
tadid0id0.xml,tadid12id9.xml,34899,
smiTemplateid4.xml,tadid13id10.xml,47158,
cxs4.xml,tadid9id1.xml,47165,
cxs4.xml,tadid3id10.xml,47155,
smiTemplateid4.xml,tadid1id0.xml,47173,
smiTemplateid9.xml,tadid4id10.xml,61108,
smiTemplateid0.xml,tadid7id0.xml,47155,
smiTemplateid6.xml,tadid8id11.xml,47176,
smiTemplateid12.xml,tadid5id3.xml,47165,
smiTemplateid12.xml,tadid10id4.xml,47165,
smiTemplateid12.xml,tadid10id3.xml,47165,
smiTemplateid12.xml,tadid4id11.xml,47165,
smiTemplateid12.xml,tadid2id9.xml,47165,
tadid0id0.xml,tadid13id5.xml,34959,
smiTemplateid12.xml,tadid13id10.xml,47165,
smiTemplateid12.xml,tadid2id12.xml,47165,
smiTemplateid12.xml,tadid13id3.xml,47165,
smiTemplateid12.xml,tadid2id4.xml,47165,
smiTemplateid12.xml,tadid3id8.xml,47165,
smiTemplateid12.xml,tadid1id10.xml,47165,
smiTemplateid12.xml,tadid6id13.xml,47165,
smiTemplateid12.xml,tadid2id6.xml,47165,
smiTemplateid12.xml,tmi15.xml,47166,
smiTemplateid12.xml,tmi19.xml,47166,
smiTemplateid6.xml,tadid3id3.xml,47155,
smiTemplateid12.xml,tadid7id6.xml,47164,
smiTemplateid12.xml,tadid5id8.xml,47164,
smiTemplateid9.xml,tadid5id3.xml,47154,
smiTemplateid12.xml,tadid5id12.xml,47164,
smiTemplateid4.xml,tadid11id12.xml,47172,
smiTemplateid12.xml,tadid2id0.xml,47164,
smiTemplateid12.xml,tadid4id8.xml,47164,
smiTemplateid6.xml,tadid12id1.xml,47174,
smiTemplateid12.xml,tadid7id13.xml,47165,
smiTemplateid12.xml,tadid6id10.xml,47164,
smiTemplateid12.xml,tadid4id10.xml,47164,
smiTemplateid12.xml,tadid3id12.xml,471